PRODUCT_NAME,TYPENAME,SHIPCOUNTRY,SHIPREGION,SHIPCITY,COMPANYNAME,ORDERID,money
空调,家用电器,中国,华北,秦皇岛,宅急送,10541,8397
洗衣机,家用电器,中国,华北,秦皇岛,宅急送,10541,2638
汽车坐垫,汽车用品,中国,华北,秦皇岛,宅急送,10541,356
计时器,家居厨具,中国,华北,秦皇岛,宅急送,10541,52
三人帐篷,运动户外,中国,东北,长春,宅急送,10544,847
面包机,家用电器,中国,东北,长春,宅急送,10544,185
沙发,家居厨具,中国,华北,天津,宅急送,10549,19701
MP4,手机数码,中国,华北,天津,宅急送,10549,13485
健身车,运动户外,中国,华北,天津,宅急送,10549,9353
刀具7件套,家居厨具,中国,华北,天津,宅急送,10552,669
电磁炉,家用电器,中国,华北,天津,宅急送,10552,1197
儿童套装,服装箱包,中国,华北,石家庄,宅急送,10690,1995
汽车香水,汽车用品,中国,华北,石家庄,宅急送,10690,412
对讲机,汽车用品,中国,华北,天津,宅急送,10695,718
茶几,家居厨具,中国,华北,天津,宅急送,10695,1259
空调,家用电器,中国,华北,天津,宅急送,10695,4798
复读机,电脑办公,中国,华北,北京,宅急送,10697,676
液晶电视,家用电器,中国,华北,北京,宅急送,10697,23745
长焦数码相机,手机数码,中国,华北,北京,宅急送,10697,14992
电压力锅,家用电器,中国,华北,北京,宅急送,10697,1792
储藏箱6件套,家居厨具,中国,西南,昆明,宅急送,10698,473
成功学,图书,中国,西南,昆明,宅急送,10698,35
英语教材,图书,中国,西南,昆明,宅急送,10698,109
汽车坐垫,汽车用品,中国,西南,昆明,宅急送,10698,322
电压力锅,家用电器,中国,西南,昆明,宅急送,10698,215
榨汁机,家用电器,中国,东北,大连,宅急送,10700,327
微波炉,家用电器,中国,东北,大连,宅急送,10700,2196
扫描仪,电脑办公,中国,东北,大连,宅急送,10700,7120
计时器,家居厨具,中国,东北,大连,宅急送,10700,330
电源转换器,汽车用品,中国,华北,天津,宅急送,10702,56
电饭煲,家用电器,中国,华北,天津,宅急送,10702,495
汽车天线,汽车用品,中国,华北,天津,宅急送,10704,110
空调,家用电器,中国,华北,天津,宅急送,10704,8397
笔记本电脑,电脑办公,中国,华北,天津,宅急送,10704,14398
电烤箱,家用电器,中国,西南,重庆,宅急送,10507,746
笔记本电脑,电脑办公,中国,西南,重庆,宅急送,10507,22496
三人帐篷,运动户外,中国,华北,秦皇岛,宅急送,10509,647
汽车天线,汽车用品,中国,华北,天津,宅急送,10527,345
CDMA3G手机,手机数码,中国,华北,天津,宅急送,10527,14991
电脑桌,家居厨具,中国,华东,常州,宅急送,10531,358
汽车天线,汽车用品,中国,西南,成都,宅急送,10533,173
一次性纸杯,家居厨具,中国,西南,成都,宅急送,10533,45
移动3G手机,手机数码,中国,西南,成都,宅急送,10533,5996
储藏箱6件套,家居厨具,中国,华东,济南,宅急送,10535,945
单反数码相机套机,手机数码,中国,华东,济南,宅急送,10535,17998
运动鞋,服装箱包,中国,华东,济南,宅急送,10535,1349
电脑桌,家居厨具,中国,华东,济南,宅急送,10535,745
沙发,家居厨具,中国,西南,重庆,宅急送,10537,7164
健身车,运动户外,中国,西南,重庆,宅急送,10537,2078
长焦数码相机,手机数码,中国,西南,重庆,宅急送,10537,3998
一次性纸杯,家居厨具,中国,西南,重庆,宅急送,10537,40
移动3G手机,手机数码,中国,西南,重庆,宅急送,10537,9494
复读机,电脑办公,中国,华北,北京,宅急送,10710,239
台式机,电脑办公,中国,华北,北京,宅急送,10710,6899
健身的意义,图书,中国,华北,秦皇岛,宅急送,10712,16
儿童套装,服装箱包,中国,华北,秦皇岛,宅急送,10712,1197
微单数码相机,手机数码,中国,华北,天津,宅急送,10713,12317
打印机,电脑办公,中国,华北,天津,宅急送,10713,2397
MP4,手机数码,中国,华北,天津,宅急送,10713,9889
MP3,手机数码,中国,华北,天津,宅急送,10713,814
微单数码相机,手机数码,中国,华东,温州,宅急送,10715,9238
计时器,家居厨具,中国,华东,温州,宅急送,10715,83
电饼铛,家用电器,中国,华北,天津,宅急送,10722,517
沙发,家居厨具,中国,华北,天津,宅急送,10722,11940
扫描仪,电脑办公,中国,华北,天津,宅急送,10722,4005
电磁炉,家用电器,中国,华北,天津,宅急送,10722,1676
打印机,电脑办公,中国,东北,大连,宅急送,10723,1998
冲锋衣,运动户外,中国,西南,成都,宅急送,10794,2295
软件工程,图书,中国,西南,成都,宅急送,10794,189
打印机,电脑办公,中国,华北,石家庄,宅急送,10796,3356
GPS导航,汽车用品,中国,华北,石家庄,宅急送,10796,1998
毛呢外套女,服装箱包,中国,华北,石家庄,宅急送,10796,8393
刀具7件套,家居厨具,中国,华北,石家庄,宅急送,10796,1147
考勤机,电脑办公,中国,华北,张家口,宅急送,10798,770
一次性纸杯,家居厨具,中国,华北,张家口,宅急送,10798,38
女士挎包,服装箱包,中国,西北,西安,宅急送,10836,5195
液晶电视,家用电器,中国,西北,西安,宅急送,10836,7998
运动鞋,服装箱包,中国,西北,西安,宅急送,10836,2158
床单四件套,家居厨具,中国,西北,西安,宅急送,10836,3594
毛呢外套女,服装箱包,中国,西北,西安,宅急送,10836,3597
旅行背包,服装箱包,中国,华北,天津,宅急送,10845,4893
液晶电视,家用电器,中国,华北,天津,宅急送,10845,12498
男士钱包,服装箱包,中国,华北,天津,宅急送,10845,1676
长焦数码相机,手机数码,中国,华北,天津,宅急送,10845,11994
毛呢外套女,服装箱包,中国,华北,天津,宅急送,10845,5755
卡片相机,手机数码,中国,华东,上海,宅急送,10282,1760
运动鞋,服装箱包,中国,华东,上海,宅急送,10282,1079
软件工程,图书,中国,华北,北京,宅急送,10288,118
扫描仪,电脑办公,中国,华北,北京,宅急送,10288,1157
汽车清洁套装,汽车用品,中国,西南,昆明,宅急送,10290,518
英语教材,图书,中国,西南,昆明,宅急送,10290,248
一体机,电脑办公,中国,西南,昆明,宅急送,10290,9998
汽车香水,汽车用品,中国,西南,昆明,宅急送,10290,110
电压力锅,家用电器,中国,华东,上海,宅急送,10780,837
汽车香水,汽车用品,中国,华东,上海,宅急送,10780,138
对讲机,汽车用品,中国,华南,海口,宅急送,10786,2154
卡片相机,手机数码,中国,华南,海口,宅急送,10786,5500
电磁炉,家用电器,中国,华南,海口,宅急送,10786,3352
电饼铛,家用电器,中国,华北,天津,宅急送,10787,498
英语教材,图书,中国,华北,天津,宅急送,10787,99
多功能刀,运动户外,中国,华南,厦门,宅急送,10790,252
儿童套装,服装箱包,中国,华南,厦门,宅急送,10790,1197
沙发,家居厨具,中国,华北,石家庄,宅急送,10826,8358
运动鞋,服装箱包,中国,华北,石家庄,宅急送,10826,2248
平板电脑,电脑办公,中国,华北,秦皇岛,宅急送,10828,3899
洗衣机,家用电器,中国,华北,秦皇岛,宅急送,10828,1319
电饼铛,家用电器,中国,华北,北京,宅急送,10829,796
对讲机,汽车用品,中国,华北,北京,宅急送,10829,718
三防手机,手机数码,中国,华北,北京,宅急送,10829,9994
床单四件套,家居厨具,中国,华北,北京,宅急送,10829,1258
储藏箱6件套,家居厨具,中国,华南,深圳,宅急送,10296,416
投影仪,电脑办公,中国,华南,深圳,宅急送,10296,9897
刀具7件套,家居厨具,中国,华南,深圳,宅急送,10296,598
汽车天线,汽车用品,中国,东北,长春,宅急送,10309,138
空气净化器,汽车用品,中国,东北,长春,宅急送,10309,177
男士钱包,服装箱包,中国,东北,长春,宅急送,10309,479
电烤箱,家用电器,中国,东北,长春,宅急送,10309,398
计时器,家居厨具,中国,东北,长春,宅急送,10309,36
冲锋衣,运动户外,中国,华东,济南,宅急送,10249,872
健身车,运动户外,中国,华东,济南,宅急送,10249,5196
女士挎包,服装箱包,中国,华东,南京,宅急送,10251,799
运动鞋,服装箱包,中国,华东,南京,宅急送,10251,1124
汽车坐垫,汽车用品,中国,华东,南京,宅急送,10251,198
液晶电视,家用电器,中国,华东,南京,宅急送,10821,9998
健身车,运动户外,中国,华东,南京,宅急送,10821,2078
功放,手机数码,中国,华东,青岛,宅急送,10824,3516
电压力锅,家用电器,中国,华东,青岛,宅急送,10824,454
打印机,电脑办公,中国,华东,常州,宅急送,10825,1758
健身的意义,图书,中国,华东,常州,宅急送,10825,50
汽车天线,汽车用品,中国,华东,南京,宅急送,10726,173
储藏箱6件套,家居厨具,中国,华东,南京,宅急送,10726,284
成功学,图书,中国,西南,昆明,宅急送,10727,39
儿童套装,服装箱包,中国,西南,昆明,宅急送,10727,399
电脑桌,家居厨具,中国,西南,昆明,宅急送,10727,298
投影仪,电脑办公,中国,东北,大连,宅急送,10730,4124
沙发,家居厨具,中国,东北,大连,宅急送,10730,1552
汽车坐垫,汽车用品,中国,东北,大连,宅急送,10730,99
上网本,电脑办公,中国,华北,天津,宅急送,10731,6198
健身车,运动户外,中国,华北,天津,宅急送,10731,1949
电饭煲,家用电器,中国,华南,厦门,宅急送,10732,396
投影仪,电脑办公,中国,华北,张家口,宅急送,10738,10887
单反数码相机套机,手机数码,中国,华东,温州,宅急送,10744,89990
迷你音响,手机数码,中国,华北,天津,宅急送,10745,1915
GPS导航,汽车用品,中国,华北,天津,宅急送,10745,2597
电脑桌,家居厨具,中国,华北,天津,宅急送,10745,1341
一次性纸杯,家居厨具,中国,华北,天津,宅急送,10745,32
沙发,家居厨具,中国,华北,天津,宅急送,10747,4298
功放,手机数码,中国,华北,天津,宅急送,10747,5593
加湿器,汽车用品,中国,华北,天津,宅急送,10747,188
刀具7件套,家居厨具,中国,华北,天津,宅急送,10747,717
旅行背包,服装箱包,中国,西南,重庆,宅急送,10748,3076
单反数码相机套机,手机数码,中国,西南,重庆,宅急送,10748,35996
儿童套装,服装箱包,中国,西南,重庆,宅急送,10748,1117
冲锋衣,运动户外,中国,华东,南昌,宅急送,10750,1033
MP4,手机数码,中国,华东,南昌,宅急送,10750,5394
电脑桌,家居厨具,中国,华东,南昌,宅急送,10750,1118
复读机,电脑办公,中国,华北,北京,宅急送,10803,191
天文望远镜,电脑办公,中国,华北,北京,宅急送,10803,538
电脑桌,家居厨具,中国,华北,北京,宅急送,10803,373
单反数码相机套机,手机数码,中国,华北,天津,宅急送,10807,9899
健身服,服装箱包,中国,西南,重庆,宅急送,10809,4398
复读机,电脑办公,中国,华北,天津,宅急送,10811,398
旅行背包,服装箱包,中国,华北,天津,宅急送,10811,1957
单反数码相机套机,手机数码,中国,华北,天津,宅急送,10811,26997
沙发,家居厨具,中国,华北,天津,宅急送,10812,6209
一次性纸杯,家居厨具,中国,华北,天津,宅急送,10812,170
汽车香水,汽车用品,中国,华北,天津,宅急送,10812,110
MP4,手机数码,中国,华东,上海,宅急送,10753,1259
运动手表,运动户外,中国,华东,上海,宅急送,10753,13304
微波炉,家用电器,中国,华北,北京,宅急送,10757,1497
电脑桌,家居厨具,中国,华北,北京,宅急送,10757,507
考勤机,电脑办公,中国,华北,北京,宅急送,10757,1050
毛呢外套女,服装箱包,中国,华北,北京,宅急送,10757,2878
天文望远镜,电脑办公,中国,东北,大连,宅急送,10760,2365
打印复印一体机,电脑办公,中国,东北,大连,宅急送,10760,15996
电烤箱,家用电器,中国,东北,大连,宅急送,10760,1492
冰箱,家用电器,中国,华东,上海,宅急送,10762,4909
台式机,电脑办公,中国,华东,上海,宅急送,10762,13797
健身车,运动户外,中国,华东,上海,宅急送,10762,3637
儿童套装,服装箱包,中国,华东,上海,宅急送,10762,2394
电饼铛,家用电器,中国,华东,青岛,宅急送,10766,1592
多功能刀,运动户外,中国,华东,青岛,宅急送,10766,452
扫描仪,电脑办公,中国,华东,青岛,宅急送,10766,3560
功放,手机数码,中国,华北,北京,宅急送,10769,2397
健身服,服装箱包,中国,华北,北京,宅急送,10769,2749
车载MP3,汽车用品,中国,华北,北京,宅急送,10769,538
考勤机,电脑办公,中国,华北,北京,宅急送,10769,875
沙发,家居厨具,中国,华东,温州,宅急送,10774,7164
故障应急箱,汽车用品,中国,华东,温州,宅急送,10774,2995
微单数码相机,手机数码,中国,华北,天津,宅急送,10775,7038
面包机,家用电器,中国,华北,天津,宅急送,10775,142
功放,手机数码,中国,华东,南京,宅急送,10778,3196
计时器,家居厨具,中国,华北,北京,宅急送,10274,55
一次性纸杯,家居厨具,中国,华北,北京,宅急送,10274,32
空调,家用电器,中国,华北,北京,宅急送,10275,2639
电脑桌,家居厨具,中国,华北,北京,宅急送,10275,238
空调,家用电器,中国,华东,南京,宅急送,10280,21351
化妆大全,图书,中国,华东,南京,宅急送,10280,196
电磁炉,家用电器,中国,华东,南京,宅急送,10280,1197
复读机,电脑办公,中国,华东,上海,宅急送,10281,175
空调,家用电器,中国,华东,上海,宅急送,10281,3838
液晶电视,家用电器,中国,华东,上海,宅急送,10281,6999
榨汁机,家用电器,中国,华东,南昌,宅急送,10317,218
防盗锁,汽车用品,中国,华北,张家口,宅急送,10323,299
天文望远镜,电脑办公,中国,华北,张家口,宅急送,10323,602
冰箱,家用电器,中国,华北,张家口,宅急送,10323,2643
投影仪,电脑办公,中国,西南,重庆,宅急送,10324,10392
液晶电视,家用电器,中国,西南,重庆,宅急送,10324,52490
MP3,手机数码,中国,西南,重庆,宅急送,10324,1017
电脑桌,家居厨具,中国,西南,重庆,宅急送,10324,1788
加湿器,汽车用品,中国,西南,重庆,宅急送,10324,1188
电饼铛,家用电器,中国,西南,重庆,宅急送,10327,1990
储藏箱6件套,家居厨具,中国,西南,重庆,宅急送,10327,1890
卡片相机,手机数码,中国,西南,重庆,宅急送,10327,6600
长焦数码相机,手机数码,中国,西南,重庆,宅急送,10327,30385
打印机,电脑办公,中国,华东,青岛,宅急送,10330,5993
一次性纸杯,家居厨具,中国,华东,青岛,宅急送,10330,71
软件工程,图书,中国,西南,成都,宅急送,10331,148
电饼铛,家用电器,中国,华东,济南,宅急送,10258,3980
汽车清洁套装,汽车用品,中国,华东,济南,宅急送,10258,3367
衣架,家居厨具,中国,华东,济南,宅急送,10258,573
功放,手机数码,中国,华北,北京,宅急送,10260,10387
运动鞋,服装箱包,中国,华北,北京,宅急送,10260,4495
考勤机,电脑办公,中国,华北,北京,宅急送,10260,2188
电压力锅,家用电器,中国,华北,北京,宅急送,10260,1255
成功学,图书,中国,华中,武汉,宅急送,10265,117
电压力锅,家用电器,中国,华中,武汉,宅急送,10265,478
单反数码相机套机,手机数码,中国,华东,上海,宅急送,10267,44995
电脑桌,家居厨具,中国,华东,上海,宅急送,10267,3129
电饭煲,家用电器,中国,华东,上海,宅急送,10267,743
不粘炒锅,家居厨具,中国,华东,青岛,宅急送,10269,597
一次性纸杯,家居厨具,中国,华东,青岛,宅急送,10269,113
CDMA3G手机,手机数码,中国,华北,北京,宅急送,10270,14991
电烤箱,家用电器,中国,华北,北京,宅急送,10270,498
榨汁机,家用电器,中国,华东,青岛,宅急送,10911,218
成功学,图书,中国,华东,青岛,宅急送,10911,86
面包机,家用电器,中国,华东,青岛,宅急送,10911,273
汽车天线,汽车用品,中国,华北,天津,宅急送,10913,518
不粘炒锅,家居厨具,中国,华北,天津,宅急送,10913,1990
长焦数码相机,手机数码,中国,华北,天津,宅急送,10913,4998
计时器,家居厨具,中国,华南,深圳,宅急送,10914,69
液晶电视,家用电器,中国,华北,天津,宅急送,10921,9998
加湿器,汽车用品,中国,华北,天津,宅急送,10921,396
CDMA3G手机,手机数码,中国,华北,天津,宅急送,10925,18739
健身服,服装箱包,中国,华北,天津,宅急送,10925,7257
平板电脑,电脑办公,中国,西北,西安,宅急送,10927,3899
健身服,服装箱包,中国,西北,西安,宅急送,10927,3299
电饭煲,家用电器,中国,西北,西安,宅急送,10927,396
台式机,电脑办公,中国,西南,重庆,宅急送,10928,6899
电饭煲,家用电器,中国,西南,重庆,宅急送,10928,297
上网本,电脑办公,中国,西南,重庆,宅急送,10929,18594
电磁炉,家用电器,中国,西南,重庆,宅急送,10929,1955
汽车香水,汽车用品,中国,西南,重庆,宅急送,10929,138
投影仪,电脑办公,中国,东北,大连,宅急送,10932,9897
考勤机,电脑办公,中国,东北,大连,宅急送,10932,840
一次性纸杯,家居厨具,中国,东北,大连,宅急送,10932,49
电磁炉,家用电器,中国,东北,大连,宅急送,10932,798
三防手机,手机数码,中国,华东,温州,宅急送,10894,6996
刀具7件套,家居厨具,中国,华东,温州,宅急送,10894,598
电磁炉,家用电器,中国,华东,温州,宅急送,10894,2394
空调,家用电器,中国,华东,南昌,宅急送,10895,26389
冰箱,家用电器,中国,华东,南昌,宅急送,10895,8496
单反数码相机套机,手机数码,中国,华东,南昌,宅急送,10895,81891
床单四件套,家居厨具,中国,华东,南昌,宅急送,10895,5990
功放,手机数码,中国,华北,天津,宅急送,10901,4794
计时器,家居厨具,中国,华北,天津,宅急送,10901,83
化妆大全,图书,中国,东北,大连,宅急送,10902,441
考勤机,电脑办公,中国,东北,大连,宅急送,10902,840
三防手机,手机数码,中国,华东,南京,宅急送,10945,9994
沙发,家居厨具,中国,华东,南京,宅急送,10945,4776
空气净化器,汽车用品,中国,华北,天津,宅急送,10952,77
三人帐篷,运动户外,中国,华北,天津,宅急送,10952,598
台式机,电脑办公,中国,华北,天津,宅急送,10952,5059
儿童套装,服装箱包,中国,华北,天津,宅急送,10952,439
投影仪,电脑办公,中国,华南,深圳,宅急送,10954,13856
沙发,家居厨具,中国,华南,深圳,宅急送,10954,8955
MP4,手机数码,中国,华南,深圳,宅急送,10954,2697
床单四件套,家居厨具,中国,华南,深圳,宅急送,10954,2156
空调,家用电器,中国,华北,天津,宅急送,10960,11995
功放,手机数码,中国,华北,天津,宅急送,10960,3835
健身服,服装箱包,中国,华北,天津,宅急送,10961,1759
电饭煲,家用电器,中国,华北,天津,宅急送,10961,1188
音乐手机,手机数码,中国,华南,海口,宅急送,10966,1438
儿童套装,服装箱包,中国,华南,海口,宅急送,10966,1317
考勤机,电脑办公,中国,华南,海口,宅急送,10966,1155
健身服,服装箱包,中国,东北,大连,宅急送,10970,17592
空气净化器,汽车用品,中国,西南,重庆,宅急送,10989,236
储藏箱6件套,家居厨具,中国,西南,重庆,宅急送,10989,473
功放,手机数码,中国,西南,重庆,宅急送,10989,5433
电饼铛,家用电器,中国,华北,天津,宅急送,10991,3980
电压力锅,家用电器,中国,华北,天津,宅急送,10991,956
电饭煲,家用电器,中国,华北,天津,宅急送,10991,3564
三防手机,手机数码,中国,华南,深圳,宅急送,11002,27983
液晶电视,家用电器,中国,华南,深圳,宅急送,11002,18746
男士钱包,服装箱包,中国,华南,深圳,宅急送,11002,1436
化妆大全,图书,中国,华南,深圳,宅急送,11002,392
打印机,电脑办公,中国,华北,天津,宅急送,11004,1278
电饭煲,家用电器,中国,华北,天津,宅急送,11004,317
榨汁机,家用电器,中国,华北,天津,宅急送,11005,240
电脑桌,家居厨具,中国,华北,天津,宅急送,11005,596
空调,家用电器,中国,华北,张家口,宅急送,11009,5278
CDMA3G手机,手机数码,中国,华北,张家口,宅急送,11009,34979
床单四件套,家居厨具,中国,华北,张家口,宅急送,11009,1737
长焦数码相机,手机数码,中国,华东,南昌,宅急送,11011,3998
计时器,家居厨具,中国,华东,南昌,宅急送,11011,55
旅行背包,服装箱包,中国,华南,深圳,宅急送,11013,1398
男士钱包,服装箱包,中国,华南,深圳,宅急送,11013,559
MP4,手机数码,中国,华南,深圳,宅急送,11013,1798
扫描仪,电脑办公,中国,华南,深圳,宅急送,11013,1958
电饼铛,家用电器,中国,华南,深圳,宅急送,11021,2090
平板电脑,电脑办公,中国,华南,深圳,宅急送,11021,6498
打印机,电脑办公,中国,华南,深圳,宅急送,11021,5034
健身车,运动户外,中国,华南,深圳,宅急送,11021,14289
一次性纸杯,家居厨具,中国,华南,深圳,宅急送,11021,66
天文望远镜,电脑办公,中国,华北,天津,宅急送,10492,1290
男士钱包,服装箱包,中国,华北,天津,宅急送,10492,399
GPS导航,汽车用品,中国,华北,张家口,宅急送,11042,2498
车载MP3,汽车用品,中国,华北,张家口,宅急送,11042,646
考勤机,电脑办公,中国,华东,温州,宅急送,11044,770
电饼铛,家用电器,中国,华北,天津,宅急送,11049,1592
茶几,家居厨具,中国,华北,天津,宅急送,11049,2517
榨汁机,家用电器,中国,华南,海口,宅急送,11070,654
电饼铛,家用电器,中国,华南,海口,宅急送,11070,1194
投影仪,电脑办公,中国,华南,海口,宅急送,11070,14846
沙发,家居厨具,中国,华南,海口,宅急送,11070,4776
多功能刀,运动户外,中国,华东,南昌,宅急送,11071,161
三防手机,手机数码,中国,华东,南昌,宅急送,11071,4997
毛呢外套女,服装箱包,中国,华北,天津,宅急送,10343,5995
扫描仪,电脑办公,中国,华北,天津,宅急送,10343,623
电饭煲,家用电器,中国,华北,天津,宅急送,10343,495
成功学,图书,中国,西南,重庆,宅急送,10430,351
上网本,电脑办公,中国,西南,重庆,宅急送,10430,15495
儿童套装,服装箱包,中国,西南,重庆,宅急送,10430,1197
电脑桌,家居厨具,中国,西南,重庆,宅急送,10430,4172
健身的意义,图书,中国,西南,昆明,宅急送,10437,63
电饼铛,家用电器,中国,华北,天津,宅急送,10851,299
天文望远镜,电脑办公,中国,华北,天津,宅急送,10851,430
运动鞋,服装箱包,中国,华北,天津,宅急送,10851,899
电脑桌,家居厨具,中国,华北,天津,宅急送,10851,626
电饼铛,家用电器,中国,西南,成都,宅急送,10852,995
成功学,图书,中国,西南,成都,宅急送,10852,62
考勤机,电脑办公,中国,西南,成都,宅急送,10852,1750
投影仪,电脑办公,中国,华东,常州,宅急送,10855,16495
沙发,家居厨具,中国,华东,常州,宅急送,10855,5731
儿童套装,服装箱包,中国,华东,常州,宅急送,10855,958
汽车坐垫,汽车用品,中国,华东,常州,宅急送,10855,371
多功能刀,运动户外,中国,华东,南京,宅急送,10858,323
打印复印一体机,电脑办公,中国,华东,南京,宅急送,10858,7998
电压力锅,家用电器,中国,华东,南京,宅急送,10858,335
洗衣机,家用电器,中国,西南,重庆,宅急送,10865,3297
冰箱,家用电器,中国,西南,重庆,宅急送,10865,7552
电饼铛,家用电器,中国,华东,南京,宅急送,10866,2090
空调,家用电器,中国,华东,南京,宅急送,10866,9596
卡片相机,手机数码,中国,华东,南京,宅急送,10866,11000
健身的意义,图书,中国,华南,深圳,宅急送,10867,33
储藏箱6件套,家居厨具,中国,华北,天津,宅急送,10443,605
三人帐篷,运动户外,中国,华北,天津,宅急送,10443,1096
电磁炉,家用电器,中国,华北,天津,宅急送,10581,3990
沙发,家居厨具,中国,华北,天津,宅急送,10584,5970
台式机,电脑办公,中国,华东,常州,宅急送,10585,11498
健身服,服装箱包,中国,华北,石家庄,宅急送,10586,4618
打印机,电脑办公,中国,华南,厦门,宅急送,10587,1278
液晶电视,家用电器,中国,华南,厦门,宅急送,10587,9998
汽车香水,汽车用品,中国,华南,厦门,宅急送,10587,110
电饼铛,家用电器,中国,东北,长春,宅急送,10418,2388
台式机,电脑办公,中国,东北,长春,宅急送,10418,25295
车载MP3,汽车用品,中国,东北,长春,宅急送,10418,699
运动手表,运动户外,中国,东北,长春,宅急送,10418,22173
CDMA3G手机,手机数码,中国,西南,昆明,宅急送,10669,14991
旅行背包,服装箱包,中国,东北,大连,宅急送,10670,2237
MP3,手机数码,中国,东北,大连,宅急送,10670,2034
面包机,家用电器,中国,东北,大连,宅急送,10670,273
移动3G手机,手机数码,中国,东北,大连,宅急送,10670,24985
电磁炉,家用电器,中国,东北,大连,宅急送,10670,998
投影仪,电脑办公,中国,华北,天津,宅急送,10671,6598
考勤机,电脑办公,中国,华北,天津,宅急送,10671,700
汽车坐垫,汽车用品,中国,华北,天津,宅急送,10671,218
投影仪,电脑办公,中国,华北,天津,宅急送,10673,9237
男士钱包,服装箱包,中国,华北,天津,宅急送,10673,1037
电烤箱,家用电器,中国,华北,天津,宅急送,10673,517
投影仪,电脑办公,中国,华北,天津,宅急送,10680,41238
沙发,家居厨具,中国,华北,天津,宅急送,10680,11940
男士钱包,服装箱包,中国,华北,天津,宅急送,10680,3990
电脑桌,家居厨具,中国,东北,长春,宅急送,10457,1073
儿童套装,服装箱包,中国,华北,天津,宅急送,10497,958
一次性纸杯,家居厨具,中国,华北,天津,宅急送,10497,47
汽车香水,汽车用品,中国,华北,天津,宅急送,10497,138
上网本,电脑办公,中国,华北,天津,宅急送,10513,24792
衣架,家居厨具,中国,华北,天津,宅急送,10513,1790
车载MP3,汽车用品,中国,华北,天津,宅急送,10513,1345
单反操作指南,图书,中国,东北,长春,宅急送,10515,230
投影仪,电脑办公,中国,东北,长春,宅急送,10515,16495
打印复印一体机,电脑办公,中国,东北,长春,宅急送,10515,47988
不粘炒锅,家居厨具,中国,东北,长春,宅急送,10515,776
床单四件套,家居厨具,中国,东北,长春,宅急送,10515,7547
空调,家用电器,中国,东北,大连,宅急送,10520,4318
健身的意义,图书,中国,东北,大连,宅急送,10520,38
榨汁机,家用电器,中国,华北,天津,宅急送,10522,872
对讲机,汽车用品,中国,华北,天津,宅急送,10522,862
卡片相机,手机数码,中国,华北,天津,宅急送,10522,4400
单反数码相机套机,手机数码,中国,华北,天津,宅急送,10522,44995
冰箱,家用电器,中国,华东,南京,宅急送,10445,3021
软件工程,图书,中国,华东,南京,宅急送,10445,148
复读机,电脑办公,中国,西南,成都,宅急送,10446,350
空调,家用电器,中国,西南,成都,宅急送,10446,4798
沙发,家居厨具,中国,西南,成都,宅急送,10446,3104
健身服,服装箱包,中国,西南,成都,宅急送,10446,5498
电源转换器,汽车用品,中国,西南,成都,宅急送,10591,84
多功能刀,运动户外,中国,西南,成都,宅急送,10591,258
软件工程,图书,中国,西南,成都,宅急送,10591,295
防盗锁,汽车用品,中国,华东,青岛,宅急送,10592,249
打印机,电脑办公,中国,华东,青岛,宅急送,10592,599
液晶电视,家用电器,中国,华东,济南,宅急送,10595,37492
车载MP3,汽车用品,中国,华东,济南,宅急送,10595,8070
刀具7件套,家居厨具,中国,华东,济南,宅急送,10595,3884
儿童套装,服装箱包,中国,华北,秦皇岛,宅急送,10596,1197
加湿器,汽车用品,中国,华北,秦皇岛,宅急送,10596,475
电磁炉,家用电器,中国,华北,秦皇岛,宅急送,10596,2394
软件工程,图书,中国,华北,天津,宅急送,10600,83
移动3G手机,手机数码,中国,华北,天津,宅急送,10600,14991
空气净化器,汽车用品,中国,华东,济南,宅急送,10618,413
儿童套装,服装箱包,中国,华东,济南,宅急送,10618,798
扫描仪,电脑办公,中国,华东,济南,宅急送,10618,2225
冲锋衣,运动户外,中国,华北,秦皇岛,宅急送,10625,597
男士钱包,服装箱包,中国,华北,秦皇岛,宅急送,10625,599
床单四件套,家居厨具,中国,华北,秦皇岛,宅急送,10625,1198
电磁炉,家用电器,中国,华北,天津,宅急送,10631,718
电饼铛,家用电器,中国,华北,天津,宅急送,10632,597
不粘炒锅,家居厨具,中国,华北,天津,宅急送,10632,199
汽车天线,汽车用品,中国,华南,海口,宅急送,10636,173
长焦数码相机,手机数码,中国,华南,海口,宅急送,10636,3198
储藏箱6件套,家居厨具,中国,华北,天津,宅急送,10637,378
电子辞典,电脑办公,中国,华北,天津,宅急送,10637,499
儿童套装,服装箱包,中国,华北,天津,宅急送,10637,1197
MP4,手机数码,中国,华北,天津,宅急送,10638,1798
汽车坐垫,汽车用品,中国,华北,天津,宅急送,10638,208
一次性纸杯,家居厨具,中国,华北,天津,宅急送,10638,113
刀具7件套,家居厨具,中国,西南,昆明,宅急送,10640,1195
电压力锅,家用电器,中国,西南,昆明,宅急送,10640,1494
软件工程,图书,中国,华北,北京,宅急送,10349,142
洗衣机,家用电器,中国,华东,南昌,宅急送,10351,1099
功放,手机数码,中国,华东,南昌,宅急送,10351,3675
GPS导航,汽车用品,中国,华东,南昌,宅急送,10351,3846
汽车坐垫,汽车用品,中国,华东,南昌,宅急送,10351,99
空调,家用电器,中国,华东,济南,宅急送,10355,5998
运动鞋,服装箱包,中国,华东,济南,宅急送,10355,2248
电烤箱,家用电器,中国,华南,厦门,宅急送,11052,1194
车载MP3,汽车用品,中国,华南,厦门,宅急送,11052,1076
不粘炒锅,家居厨具,中国,华北,张家口,宅急送,11054,398
面包机,家用电器,中国,华北,张家口,宅急送,11054,218
成功学,图书,中国,华北,天津,宅急送,11064,300
功放,手机数码,中国,华北,天津,宅急送,11064,3516
健身的意义,图书,中国,华北,天津,宅急送,11064,63
化妆大全,图书,中国,华北,天津,宅急送,11064,137
扫描仪,电脑办公,中国,华北,天津,宅急送,11064,4895
卡片相机,手机数码,中国,西南,重庆,宅急送,11065,3850
软件工程,图书,中国,西南,重庆,宅急送,11065,295
空调,家用电器,中国,华北,天津,宅急送,10358,2399
微波炉,家用电器,中国,华北,天津,宅急送,10358,499
CDMA3G手机,手机数码,中国,华北,天津,宅急送,10358,4997
天文望远镜,电脑办公,中国,华北,天津,宅急送,10362,2150
健身车,运动户外,中国,华北,天津,宅急送,10362,2598
软件工程,图书,中国,华北,天津,宅急送,10362,142
刀具7件套,家居厨具,中国,华东,南京,宅急送,10364,717
计时器,家居厨具,中国,华东,南京,宅急送,10364,41
CDMA3G手机,手机数码,中国,西南,重庆,宅急送,10371,15990
功放,手机数码,中国,西南,昆明,宅急送,10379,3675
加湿器,汽车用品,中国,西南,昆明,宅急送,10379,257
汽车坐垫,汽车用品,中国,西南,昆明,宅急送,10379,198
汽车清洁套装,汽车用品,中国,华北,天津,宅急送,10382,829
迷你音响,手机数码,中国,华北,天津,宅急送,10382,1516
英语教材,图书,中国,华北,天津,宅急送,10382,238
不粘炒锅,家居厨具,中国,华北,天津,宅急送,10382,1194
运动手表,运动户外,中国,华北,天津,宅急送,10382,44345
打印机,电脑办公,中国,华北,天津,宅急送,10404,1199
男士钱包,服装箱包,中国,华北,天津,宅急送,10404,798
一体机,电脑办公,中国,华北,天津,宅急送,10404,5999
电源转换器,汽车用品,中国,华东,温州,宅急送,10405,175
榨汁机,家用电器,中国,华东,南昌,宅急送,10406,218
上网本,电脑办公,中国,华东,南昌,宅急送,10406,9297
三人帐篷,运动户外,中国,华东,南昌,宅急送,10406,2092
CDMA3G手机,手机数码,中国,华东,南昌,宅急送,10406,7496
单反数码相机套机,手机数码,中国,华东,南昌,宅急送,10406,10799
音乐手机,手机数码,中国,西南,昆明,宅急送,10408,1598
软件工程,图书,中国,西南,昆明,宅急送,10408,94
考勤机,电脑办公,中国,西南,昆明,宅急送,10408,1225
冲锋衣,运动户外,中国,华东,上海,宅急送,10409,1010
上网本,电脑办公,中国,华东,上海,宅急送,10409,6818
成功学,图书,中国,华东,温州,宅急送,10415,47
不粘炒锅,家居厨具,中国,华东,温州,宅急送,10415,398
一次性纸杯,家居厨具,中国,华北,石家庄,宅急送,10556,45
功放,手机数码,中国,华东,温州,宅急送,10559,1758
化妆大全,图书,中国,华东,温州,宅急送,10559,137
卡片相机,手机数码,中国,华东,常州,宅急送,10560,2200
考勤机,电脑办公,中国,华东,常州,宅急送,10560,2188
不粘炒锅,家居厨具,中国,西南,成都,宅急送,10562,398
考勤机,电脑办公,中国,西南,成都,宅急送,10562,700
储藏箱6件套,家居厨具,中国,华北,天津,宅急送,10566,992
迷你音响,手机数码,中国,华北,天津,宅急送,10566,3352
电饭煲,家用电器,中国,华北,天津,宅急送,10566,396
沙发,家居厨具,中国,华北,秦皇岛,宅急送,10567,28656
健身车,运动户外,中国,华北,秦皇岛,宅急送,10567,1689
电脑桌,家居厨具,中国,华北,秦皇岛,宅急送,10567,2384
沙发,家居厨具,中国,华北,天津,宅急送,10569,16716
电饭煲,家用电器,中国,华北,天津,宅急送,10569,594
MP4,手机数码,中国,华东,南京,宅急送,10388,4495
健身服,服装箱包,中国,华东,南京,宅急送,10388,8796
健身的意义,图书,中国,华东,南京,宅急送,10388,100
沙发,家居厨具,中国,西南,成都,宅急送,10390,14328
液晶电视,家用电器,中国,西南,成都,宅急送,10390,19996
MP3,手机数码,中国,西南,成都,宅急送,10390,1526
一次性纸杯,家居厨具,中国,西南,成都,宅急送,10390,45
MP3,手机数码,中国,东北,大连,宅急送,10395,949
健身的意义,图书,中国,东北,大连,宅急送,10395,175
刀具7件套,家居厨具,中国,东北,大连,宅急送,10395,430
上网本,电脑办公,中国,华北,天津,宅急送,10397,9297
健身车,运动户外,中国,华北,天津,宅急送,10397,5456
卡片相机,手机数码,中国,东北,大连,宅急送,10401,3080
儿童套装,服装箱包,中国,东北,大连,宅急送,10401,2793
汽车坐垫,汽车用品,中国,东北,大连,宅急送,10401,198
计时器,家居厨具,中国,东北,大连,宅急送,10401,165
电脑桌,家居厨具,中国,华东,南京,宅急送,10575,656
加湿器,汽车用品,中国,华东,南京,宅急送,10575,158
一次性纸杯,家居厨具,中国,华东,南京,宅急送,10575,151
电饭煲,家用电器,中国,华东,南京,宅急送,10575,396
防盗锁,汽车用品,中国,华南,厦门,宅急送,10500,219
三人帐篷,运动户外,中国,华南,厦门,宅急送,10500,448
MP4,手机数码,中国,华东,常州,宅急送,10502,1888
健身的意义,图书,中国,华东,常州,宅急送,10502,40
面包机,家用电器,中国,华东,常州,宅急送,10502,327
三人帐篷,运动户外,中国,华北,石家庄,宅急送,10976,996
电磁炉,家用电器,中国,华北,北京,宅急送,10980,3192
多功能刀,运动户外,中国,华北,天津,宅急送,10982,258
电烤箱,家用电器,中国,华北,天津,宅急送,10982,378
茶几,家居厨具,中国,东北,大连,顺丰快递,10543,4046
旅行背包,服装箱包,中国,东北,大连,顺丰快递,10543,7340
储藏箱6件套,家居厨具,中国,华北,天津,顺丰快递,10545,378
衣架,家居厨具,中国,华东,南京,顺丰快递,10547,644
CDMA3G手机,手机数码,中国,华东,南京,顺丰快递,10547,29982
微波炉,家用电器,中国,华北,天津,顺丰快递,10548,2495
功放,手机数码,中国,华北,天津,顺丰快递,10548,3835
储藏箱6件套,家居厨具,中国,西南,昆明,顺丰快递,10553,473
投影仪,电脑办公,中国,西南,昆明,顺丰快递,10553,7918
女士挎包,服装箱包,中国,西南,昆明,顺丰快递,10553,2398
沙发,家居厨具,中国,西南,昆明,顺丰快递,10553,7164
液晶电视,家用电器,中国,西南,昆明,顺丰快递,10553,32993
榨汁机,家用电器,中国,华北,天津,顺丰快递,10691,327
英语教材,图书,中国,华北,天津,顺丰快递,10691,396
电烤箱,家用电器,中国,华北,天津,顺丰快递,10691,796
GPS导航,汽车用品,中国,华北,天津,顺丰快递,10691,2398
考勤机,电脑办公,中国,华北,天津,顺丰快递,10691,1680
电子辞典,电脑办公,中国,华东,南京,顺丰快递,10692,798
电饼铛,家用电器,中国,华南,厦门,顺丰快递,10703,597
电脑桌,家居厨具,中国,华南,厦门,顺丰快递,10703,1043
移动3G手机,手机数码,中国,华南,厦门,顺丰快递,10703,17490
沙发,家居厨具,中国,华东,常州,顺丰快递,10705,4776
衣架,家居厨具,中国,华东,常州,顺丰快递,10705,251
三防手机,手机数码,中国,华北,天津,顺丰快递,10508,9994
冰箱,家用电器,中国,华北,天津,顺丰快递,10508,3776
空调,家用电器,中国,华北,天津,顺丰快递,10512,7197
MP3,手机数码,中国,华北,天津,顺丰快递,10512,966
台式机,电脑办公,中国,华北,天津,顺丰快递,10512,11038
床单四件套,家居厨具,中国,华北,天津,顺丰快递,10512,1977
储藏箱6件套,家居厨具,中国,华北,张家口,顺丰快递,10528,246
不粘炒锅,家居厨具,中国,华北,张家口,顺丰快递,10528,716
一次性纸杯,家居厨具,中国,华北,张家口,顺丰快递,10528,36
化妆大全,图书,中国,华南,厦门,顺丰快递,10529,235
扫描仪,电脑办公,中国,华南,厦门,顺丰快递,10529,1780
刀具7件套,家居厨具,中国,华南,厦门,顺丰快递,10529,478
成功学,图书,中国,华北,天津,顺丰快递,10530,156
电烤箱,家用电器,中国,华北,天津,顺丰快递,10530,498
车载MP3,汽车用品,中国,华北,天津,顺丰快递,10530,538
电饭煲,家用电器,中国,华北,天津,顺丰快递,10530,990
卡片相机,手机数码,中国,西南,重庆,顺丰快递,10534,2200
单反数码相机套机,手机数码,中国,西南,重庆,顺丰快递,10534,35996
软件工程,图书,中国,西南,重庆,顺丰快递,10534,236
茶几,家居厨具,中国,华北,天津,顺丰快递,10536,5619
沙发,家居厨具,中国,华北,天津,顺丰快递,10536,4776
不粘炒锅,家居厨具,中国,华北,天津,顺丰快递,10536,597
床单四件套,家居厨具,中国,华北,天津,顺丰快递,10536,5241
汽车清洁套装,汽车用品,中国,华北,张家口,顺丰快递,10708,363
CDMA3G手机,手机数码,中国,华北,张家口,顺丰快递,10708,7496
复读机,电脑办公,中国,华东,温州,顺丰快递,10711,350
功放,手机数码,中国,华东,温州,顺丰快递,10711,6712
健身的意义,图书,中国,华东,温州,顺丰快递,10711,300
上网本,电脑办公,中国,华东,温州,顺丰快递,10716,4649
健身车,运动户外,中国,华东,温州,顺丰快递,10716,2208
车载MP3,汽车用品,中国,华东,温州,顺丰快递,10716,538
上网本,电脑办公,中国,华北,天津,顺丰快递,10717,4958
软件工程,图书,中国,华北,天津,顺丰快递,10717,148
刀具7件套,家居厨具,中国,华北,天津,顺丰快递,10717,299
迷你音响,手机数码,中国,华北,天津,顺丰快递,10719,4389
卡片相机,手机数码,中国,华北,天津,顺丰快递,10719,3575
软件工程,图书,中国,华北,天津,顺丰快递,10719,590
液晶电视,家用电器,中国,华北,天津,顺丰快递,10720,10498
计时器,家居厨具,中国,华北,天津,顺丰快递,10720,50
投影仪,电脑办公,中国,华东,常州,顺丰快递,10795,21444
成功学,图书,中国,华东,常州,顺丰快递,10795,341
储藏箱6件套,家居厨具,中国,华北,天津,顺丰快递,10797,378
成功学,图书,中国,华东,上海,顺丰快递,10801,390
英语教材,图书,中国,华东,上海,顺丰快递,10801,495
卡片相机,手机数码,中国,华北,石家庄,顺丰快递,10802,6875
健身车,运动户外,中国,华北,石家庄,顺丰快递,10802,9742
化妆大全,图书,中国,华北,石家庄,顺丰快递,10802,1470
考勤机,电脑办公,中国,华北,石家庄,顺丰快递,10802,1312
空气净化器,汽车用品,中国,东北,大连,顺丰快递,10830,94
冰箱,家用电器,中国,东北,大连,顺丰快递,10830,5286
床单四件套,家居厨具,中国,东北,大连,顺丰快递,10830,1797
扫描仪,电脑办公,中国,东北,大连,顺丰快递,10830,2136
复读机,电脑办公,中国,华东,济南,顺丰快递,10831,191
液晶电视,家用电器,中国,华东,济南,顺丰快递,10831,8998
洗衣机,家用电器,中国,华东,济南,顺丰快递,10831,1978
电烤箱,家用电器,中国,华东,济南,顺丰快递,10831,378
三防手机,手机数码,中国,华东,济南,顺丰快递,10832,26984
天文望远镜,电脑办公,中国,华东,济南,顺丰快递,10832,1720
GPS导航,汽车用品,中国,华东,济南,顺丰快递,10832,5195
毛呢外套女,服装箱包,中国,华东,济南,顺丰快递,10832,3957
多功能刀,运动户外,中国,华北,北京,顺丰快递,10833,258
沙发,家居厨具,中国,华北,北京,顺丰快递,10833,4537
健身的意义,图书,中国,华北,北京,顺丰快递,10833,48
天文望远镜,电脑办公,中国,东北,大连,顺丰快递,10840,1376
冰箱,家用电器,中国,东北,大连,顺丰快递,10840,7552
微单数码相机,手机数码,中国,华北,天津,顺丰快递,10841,11437
儿童套装,服装箱包,中国,华北,天津,顺丰快递,10841,1197
电脑桌,家居厨具,中国,华北,天津,顺丰快递,10841,1490
汽车香水,汽车用品,中国,华北,天津,顺丰快递,10841,138
健身车,运动户外,中国,华东,南京,顺丰快递,10843,4546
女士挎包,服装箱包,中国,华北,天津,顺丰快递,10844,3497
汽车清洁套装,汽车用品,中国,华东,南京,顺丰快递,10848,777
单反操作指南,图书,中国,华东,南京,顺丰快递,10848,77
电源转换器,汽车用品,中国,华南,厦门,顺丰快递,10849,172
打印机,电脑办公,中国,华南,厦门,顺丰快递,10849,3356
榨汁机,家用电器,中国,华东,烟台,顺丰快递,10285,981
单反数码相机套机,手机数码,中国,华东,烟台,顺丰快递,10285,71992
健身的意义,图书,中国,华东,烟台,顺丰快递,10285,180
三防手机,手机数码,中国,华东,济南,顺丰快递,10291,9994
GPS导航,汽车用品,中国,华东,济南,顺丰快递,10291,2398
健身车,运动户外,中国,华东,济南,顺丰快递,10291,1559
平板电脑,电脑办公,中国,华东,济南,顺丰快递,10292,5198
榨汁机,家用电器,中国,华北,北京,顺丰快递,10294,305
成功学,图书,中国,华北,北京,顺丰快递,10294,98
电烤箱,家用电器,中国,华北,北京,顺丰快递,10294,498
床单四件套,家居厨具,中国,华北,北京,顺丰快递,10294,1258
电磁炉,家用电器,中国,华北,北京,顺丰快递,10294,638
儿童套装,服装箱包,中国,华北,北京,顺丰快递,10295,958
投影仪,电脑办公,中国,华东,南京,顺丰快递,10779,6598
考勤机,电脑办公,中国,华东,南京,顺丰快递,10779,700
沙发,家居厨具,中国,东北,大连,顺丰快递,10783,4776
洗衣机,家用电器,中国,东北,大连,顺丰快递,10783,1649
复读机,电脑办公,中国,华北,天津,顺丰快递,10788,398
电磁炉,家用电器,中国,华北,天津,顺丰快递,10788,798
迷你音响,手机数码,中国,华东,南京,顺丰快递,10789,2394
液晶电视,家用电器,中国,华东,南京,顺丰快递,10789,12498
加湿器,汽车用品,中国,华东,南京,顺丰快递,10789,297
扫描仪,电脑办公,中国,华东,南京,顺丰快递,10789,2492
英语教材,图书,中国,华北,天津,顺丰快递,10791,119
功放,手机数码,中国,华北,天津,顺丰快递,10791,1598
微单数码相机,手机数码,中国,华北,天津,顺丰快递,10827,10998
冰箱,家用电器,中国,华北,天津,顺丰快递,10827,3965
冰箱,家用电器,中国,华南,厦门,顺丰快递,10297,11328
一次性纸杯,家居厨具,中国,华南,厦门,顺丰快递,10297,227
电饼铛,家用电器,中国,华北,北京,顺丰快递,10298,1592
CDMA3G手机,手机数码,中国,华北,北京,顺丰快递,10298,49970
电脑桌,家居厨具,中国,华北,北京,顺丰快递,10298,2235
考勤机,电脑办公,中国,华北,北京,顺丰快递,10298,875
复读机,电脑办公,中国,华东,温州,顺丰快递,10299,398
电压力锅,家用电器,中国,华东,温州,顺丰快递,10299,478
故障应急箱,汽车用品,中国,华南,深圳,顺丰快递,10300,1797
扫描仪,电脑办公,中国,华南,深圳,顺丰快递,10300,1780
单反数码相机套机,手机数码,中国,华北,张家口,顺丰快递,10301,17998
儿童套装,服装箱包,中国,华北,张家口,顺丰快递,10301,798
成功学,图书,中国,华东,济南,顺丰快递,10302,156
三人帐篷,运动户外,中国,华东,济南,顺丰快递,10302,1394
电烤箱,家用电器,中国,华东,济南,顺丰快递,10302,438
单反数码相机套机,手机数码,中国,华东,济南,顺丰快递,10303,35996
汽车坐垫,汽车用品,中国,华东,济南,顺丰快递,10303,297
扫描仪,电脑办公,中国,华东,济南,顺丰快递,10303,2225
一体机,电脑办公,中国,华东,济南,顺丰快递,10304,11997
电脑桌,家居厨具,中国,华东,济南,顺丰快递,10304,596
计时器,家居厨具,中国,华东,济南,顺丰快递,10304,33
考勤机,电脑办公,中国,华东,青岛,顺丰快递,10307,700
扫描仪,电脑办公,中国,华东,青岛,顺丰快递,10307,9790
投影仪,电脑办公,中国,华北,张家口,顺丰快递,10310,6598
考勤机,电脑办公,中国,华北,张家口,顺丰快递,10310,525
三人帐篷,运动户外,中国,华北,北京,顺丰快递,10312,4930
电烤箱,家用电器,中国,华北,北京,顺丰快递,10312,3980
健身的意义,图书,中国,华北,北京,顺丰快递,10312,50
电磁炉,家用电器,中国,华北,北京,顺丰快递,10312,3950
CDMA3G手机,手机数码,中国,华北,北京,顺丰快递,10313,24985
衣架,家居厨具,中国,华北,北京,顺丰快递,10314,716
长焦数码相机,手机数码,中国,华北,北京,顺丰快递,10314,5997
考勤机,电脑办公,中国,华北,北京,顺丰快递,10314,875
微波炉,家用电器,中国,东北,长春,顺丰快递,10315,1198
电压力锅,家用电器,中国,东北,长春,顺丰快递,10315,717
功放,手机数码,中国,华北,秦皇岛,顺丰快递,10250,3196
健身车,运动户外,中国,华北,秦皇岛,顺丰快递,10250,6820
汽车坐垫,汽车用品,中国,华北,秦皇岛,顺丰快递,10250,371
平板电脑,电脑办公,中国,东北,长春,顺丰快递,10252,5198
不粘炒锅,家居厨具,中国,东北,长春,顺丰快递,10252,249
床单四件套,家居厨具,中国,东北,长春,顺丰快递,10252,2396
沙发,家居厨具,中国,华北,长治,顺丰快递,10253,4776
冰箱,家用电器,中国,华北,长治,顺丰快递,10253,7930
一体机,电脑办公,中国,华北,长治,顺丰快递,10253,15996
空调,家用电器,中国,华中,武汉,顺丰快递,10254,8996
化妆大全,图书,中国,华中,武汉,顺丰快递,10254,309
运动手表,运动户外,中国,华中,武汉,顺丰快递,10254,18625
儿童套装,服装箱包,中国,东北,大连,顺丰快递,10820,1197
储藏箱6件套,家居厨具,中国,西南,成都,顺丰快递,10823,378
运动鞋,服装箱包,中国,西南,成都,顺丰快递,10823,2248
电脑桌,家居厨具,中国,西南,成都,顺丰快递,10823,1192
汽车香水,汽车用品,中国,西南,成都,顺丰快递,10823,303
微单数码相机,手机数码,中国,华北,北京,顺丰快递,10724,11437
车载MP3,汽车用品,中国,华北,北京,顺丰快递,10724,404
卡片相机,手机数码,中国,华北,天津,顺丰快递,10728,2750
单反数码相机套机,手机数码,中国,华北,天津,顺丰快递,10728,14398
化妆大全,图书,中国,华北,天津,顺丰快递,10728,216
床单四件套,家居厨具,中国,华北,天津,顺丰快递,10728,1498
车载MP3,汽车用品,中国,华东,常州,顺丰快递,10735,538
汽车香水,汽车用品,中国,华东,常州,顺丰快递,10735,66
汽车坐垫,汽车用品,中国,西南,成都,顺丰快递,10736,396
电磁炉,家用电器,中国,西南,成都,顺丰快递,10736,798
三防手机,手机数码,中国,华东,青岛,顺丰快递,10737,6996
功放,手机数码,中国,华东,青岛,顺丰快递,10737,3516
三人帐篷,运动户外,中国,华北,石家庄,顺丰快递,10740,1494
液晶电视,家用电器,中国,华北,石家庄,顺丰快递,10740,34993
MP4,手机数码,中国,华北,石家庄,顺丰快递,10740,7192
儿童套装,服装箱包,中国,华北,石家庄,顺丰快递,10740,1915
MP3,手机数码,中国,华北,天津,顺丰快递,10743,475
儿童套装,服装箱包,中国,华北,天津,顺丰快递,10749,998
电脑桌,家居厨具,中国,华北,天津,顺丰快递,10749,477
电饭煲,家用电器,中国,华北,天津,顺丰快递,10749,396
微单数码相机,手机数码,中国,华东,南京,顺丰快递,10804,15836
三人帐篷,运动户外,中国,华东,南京,顺丰快递,10804,1195
一体机,电脑办公,中国,华东,南京,顺丰快递,10804,8398
电饼铛,家用电器,中国,华东,南京,顺丰快递,10806,1990
汽车坐垫,汽车用品,中国,华东,南京,顺丰快递,10806,119
运动手表,运动户外,中国,华东,南京,顺丰快递,10806,55431
洗衣机,家用电器,中国,华南,海口,顺丰快递,10816,1649
考勤机,电脑办公,中国,华南,海口,顺丰快递,10816,350
打印机,电脑办公,中国,华北,天津,顺丰快递,10817,4794
洗衣机,家用电器,中国,华北,天津,顺丰快递,10817,3297
单反数码相机套机,手机数码,中国,华北,天津,顺丰快递,10817,80991
考勤机,电脑办公,中国,华北,天津,顺丰快递,10817,1313
台式机,电脑办公,中国,华北,北京,顺丰快递,10755,34492
儿童套装,服装箱包,中国,华北,北京,顺丰快递,10755,2992
运动鞋,服装箱包,中国,华北,北京,顺丰快递,10755,5394
刀具7件套,家居厨具,中国,华北,北京,顺丰快递,10755,1494
迷你音响,手机数码,中国,华北,北京,顺丰快递,10756,3352
CDMA3G手机,手机数码,中国,华北,北京,顺丰快递,10756,19988
扫描仪,电脑办公,中国,华北,北京,顺丰快递,10756,2848
刀具7件套,家居厨具,中国,华北,北京,顺丰快递,10756,956
天文望远镜,电脑办公,中国,华南,厦门,顺丰快递,10761,3762
电磁炉,家用电器,中国,华南,厦门,顺丰快递,10761,1117
女士挎包,服装箱包,中国,华北,张家口,顺丰快递,10768,1399
沙发,家居厨具,中国,华北,张家口,顺丰快递,10768,11940
床单四件套,家居厨具,中国,华北,张家口,顺丰快递,10768,1498
计时器,家居厨具,中国,华北,张家口,顺丰快递,10768,61
计时器,家居厨具,中国,华北,天津,顺丰快递,10771,72
英语教材,图书,中国,华北,天津,顺丰快递,10772,277
电脑桌,家居厨具,中国,华北,天津,顺丰快递,10772,745
男士钱包,服装箱包,中国,华北,天津,顺丰快递,10777,1596
平板电脑,电脑办公,中国,华北,北京,顺丰快递,10272,4158
沙发,家居厨具,中国,华北,北京,顺丰快递,10272,9552
一次性纸杯,家居厨具,中国,华北,北京,顺丰快递,10272,45
GPS导航,汽车用品,中国,华东,南京,顺丰快递,10278,2597
电脑桌,家居厨具,中国,华东,南京,顺丰快递,10278,745
加湿器,汽车用品,中国,华东,南京,顺丰快递,10278,178
移动3G手机,手机数码,中国,华东,南京,顺丰快递,10278,12493
成功学,图书,中国,华东,青岛,顺丰快递,10279,244
功放,手机数码,中国,东北,长春,顺丰快递,10318,3196
电饭煲,家用电器,中国,东北,长春,顺丰快递,10318,317
液晶电视,家用电器,中国,东北,长春,顺丰快递,10321,9998
汽车天线,汽车用品,中国,华南,厦门,顺丰快递,10326,166
运动鞋,服装箱包,中国,华南,厦门,顺丰快递,10326,2337
电磁炉,家用电器,中国,华南,厦门,顺丰快递,10326,1995
复读机,电脑办公,中国,华北,北京,顺丰快递,10329,159
卡片相机,手机数码,中国,华北,北京,顺丰快递,10329,990
洗衣机,家用电器,中国,华北,北京,顺丰快递,10329,1099
儿童套装,服装箱包,中国,华北,北京,顺丰快递,10329,439
迷你音响,手机数码,中国,东北,大连,顺丰快递,10332,6384
男士钱包,服装箱包,中国,东北,大连,顺丰快递,10332,1596
台式机,电脑办公,中国,东北,大连,顺丰快递,10332,23915
健身的意义,图书,中国,华东,济南,顺丰快递,10256,63
汽车香水,汽车用品,中国,华东,济南,顺丰快递,10256,121
上网本,电脑办公,中国,华东,济南,顺丰快递,10261,6198
液晶电视,家用电器,中国,华东,济南,顺丰快递,10261,9998
不粘炒锅,家居厨具,中国,华东,上海,顺丰快递,10271,478
储藏箱6件套,家居厨具,中国,华北,天津,顺丰快递,10912,1890
英语教材,图书,中国,华北,天津,顺丰快递,10912,1485
成功学,图书,中国,华北,秦皇岛,顺丰快递,10915,78
不粘炒锅,家居厨具,中国,华北,秦皇岛,顺丰快递,10915,597
软件工程,图书,中国,华北,秦皇岛,顺丰快递,10915,118
投影仪,电脑办公,中国,华东,常州,顺丰快递,10916,5278
衣架,家居厨具,中国,华东,常州,顺丰快递,10916,286
运动鞋,服装箱包,中国,华东,常州,顺丰快递,10916,1798
卡片相机,手机数码,中国,华北,天津,顺丰快递,10917,1210
床单四件套,家居厨具,中国,华北,天津,顺丰快递,10917,1198
投影仪,电脑办公,中国,华北,张家口,顺丰快递,10919,7918
天文望远镜,电脑办公,中国,华北,张家口,顺丰快递,10919,1032
单反数码相机套机,手机数码,中国,华北,张家口,顺丰快递,10919,35996
电子辞典,电脑办公,中国,华北,天津,顺丰快递,10920,958
微单数码相机,手机数码,中国,华东,南京,顺丰快递,10924,8798
三人帐篷,运动户外,中国,华东,南京,顺丰快递,10924,1494
电磁炉,家用电器,中国,华东,南京,顺丰快递,10924,638
CDMA3G手机,手机数码,中国,华南,海口,顺丰快递,10936,29982
三防手机,手机数码,中国,华北,天津,顺丰快递,10938,24985
电烤箱,家用电器,中国,华北,天津,顺丰快递,10938,1194
床单四件套,家居厨具,中国,华北,天津,顺丰快递,10938,7338
计时器,家居厨具,中国,华北,天津,顺丰快递,10938,241
电饼铛,家用电器,中国,华南,深圳,顺丰快递,10939,1194
面包机,家用电器,中国,华南,深圳,顺丰快递,10939,654
沙发,家居厨具,中国,华北,天津,顺丰快递,10941,26268
考勤机,电脑办公,中国,华北,天津,顺丰快递,10941,2625
扫描仪,电脑办公,中国,华北,天津,顺丰快递,10941,17800
一次性纸杯,家居厨具,中国,华北,天津,顺丰快递,10941,95
三防手机,手机数码,中国,华东,南京,顺丰快递,10943,12493
女士挎包,服装箱包,中国,华东,南京,顺丰快递,10943,2098
MP3,手机数码,中国,华东,南京,顺丰快递,10943,848
对讲机,汽车用品,中国,华北,石家庄,顺丰快递,10893,1077
空调,家用电器,中国,华北,石家庄,顺丰快递,10893,4798
英语教材,图书,中国,华北,石家庄,顺丰快递,10893,238
卡片相机,手机数码,中国,华北,石家庄,顺丰快递,10893,3850
CDMA3G手机,手机数码,中国,华北,石家庄,顺丰快递,10893,9994
英语教材,图书,中国,西北,西安,顺丰快递,10897,792
卡片相机,手机数码,中国,西北,西安,顺丰快递,10897,3960
三防手机,手机数码,中国,西南,重庆,顺丰快递,10898,7496
电压力锅,家用电器,中国,华北,天津,顺丰快递,10900,777
榨汁机,家用电器,中国,华南,深圳,顺丰快递,10905,109
多功能刀,运动户外,中国,华东,常州,顺丰快递,10908,129
健身服,服装箱包,中国,华东,常州,顺丰快递,10908,2639
多功能刀,运动户外,中国,华北,石家庄,顺丰快递,10909,284
投影仪,电脑办公,中国,华北,石家庄,顺丰快递,10909,8248
功放,手机数码,中国,华北,石家庄,顺丰快递,10909,2397
微单数码相机,手机数码,中国,华东,常州,顺丰快递,10946,10998
空调,家用电器,中国,华东,常州,顺丰快递,10946,5998
汽车香水,汽车用品,中国,华东,常州,顺丰快递,10946,220
电脑桌,家居厨具,中国,华东,南京,顺丰快递,10947,417
汽车天线,汽车用品,中国,华东,上海,顺丰快递,10950,104
不粘炒锅,家居厨具,中国,华北,北京,顺丰快递,10951,249
功放,手机数码,中国,华北,北京,顺丰快递,10951,1278
电磁炉,家用电器,中国,华北,北京,顺丰快递,10951,998
平板电脑,电脑办公,中国,华东,南昌,顺丰快递,10953,6498
沙发,家居厨具,中国,华东,南昌,顺丰快递,10953,5970
电磁炉,家用电器,中国,东北,大连,顺丰快递,10955,1756
上网本,电脑办公,中国,华北,天津,顺丰快递,10956,6818
台式机,电脑办公,中国,华北,天津,顺丰快递,10956,11038
健身车,运动户外,中国,华北,天津,顺丰快递,10956,2338
汽车清洁套装,汽车用品,中国,西南,重庆,顺丰快递,10958,518
多功能刀,运动户外,中国,西南,重庆,顺丰快递,10958,206
一次性纸杯,家居厨具,中国,西南,重庆,顺丰快递,10958,28
电磁炉,家用电器,中国,西南,重庆,顺丰快递,10959,1197
多功能刀,运动户外,中国,华南,深圳,顺丰快递,10962,581
三防手机,手机数码,中国,华南,深圳,顺丰快递,10962,38477
健身的意义,图书,中国,华南,深圳,顺丰快递,10962,50
刀具7件套,家居厨具,中国,华南,深圳,顺丰快递,10962,454
电饭煲,家用电器,中国,华南,深圳,顺丰快递,10962,871
迷你音响,手机数码,中国,华南,厦门,顺丰快递,10964,1277
洗衣机,家用电器,中国,华南,厦门,顺丰快递,10964,1649
刀具7件套,家居厨具,中国,华南,厦门,顺丰快递,10964,478
复读机,电脑办公,中国,华北,天津,顺丰快递,10967,350
一体机,电脑办公,中国,华北,天津,顺丰快递,10967,15996
MP3,手机数码,中国,华东,青岛,顺丰快递,10969,644
多功能刀,运动户外,中国,华北,天津,顺丰快递,10988,774
考勤机,电脑办公,中国,华北,天津,顺丰快递,10988,1400
男士钱包,服装箱包,中国,华南,海口,顺丰快递,10996,1596
衣架,家居厨具,中国,西南,成都,顺丰快递,10997,895
MP3,手机数码,中国,西南,成都,顺丰快递,10997,1695
健身服,服装箱包,中国,西南,成都,顺丰快递,10997,10995
空调,家用电器,中国,华东,青岛,顺丰快递,10998,5278
车载MP3,汽车用品,中国,华东,青岛,顺丰快递,10998,457
运动手表,运动户外,中国,华东,青岛,顺丰快递,10998,17738
电磁炉,家用电器,中国,华东,青岛,顺丰快递,10998,1197
功放,手机数码,中国,华北,天津,顺丰快递,10999,1598
健身车,运动户外,中国,华北,天津,顺丰快递,10999,1624
汽车香水,汽车用品,中国,华北,天津,顺丰快递,10999,58
多功能刀,运动户外,中国,华南,深圳,顺丰快递,11001,774
女士挎包,服装箱包,中国,华南,深圳,顺丰快递,11001,2498
MP3,手机数码,中国,华南,深圳,顺丰快递,11001,848
化妆大全,图书,中国,华南,深圳,顺丰快递,11001,255
榨汁机,家用电器,中国,华北,石家庄,顺丰快递,11006,196
英语教材,图书,中国,华北,石家庄,顺丰快递,11006,297
对讲机,汽车用品,中国,华南,深圳,顺丰快递,11007,1077
英语教材,图书,中国,华南,深圳,顺丰快递,11007,198
男士钱包,服装箱包,中国,华南,深圳,顺丰快递,11007,958
多功能刀,运动户外,中国,华北,天津,顺丰快递,11010,258
空调,家用电器,中国,华北,天津,顺丰快递,11010,4798
卡片相机,手机数码,中国,华北,天津,顺丰快递,11015,2750
汽车香水,汽车用品,中国,华北,天津,顺丰快递,11015,154
沙发,家居厨具,中国,华东,常州,顺丰快递,11016,5970
CDMA3G手机,手机数码,中国,华东,常州,顺丰快递,11016,12992
电源转换器,汽车用品,中国,西北,西安,顺丰快递,11017,88
电脑桌,家居厨具,中国,西北,西安,顺丰快递,11017,3278
电压力锅,家用电器,中国,西北,西安,顺丰快递,11017,717
茶几,家居厨具,中国,华东,常州,顺丰快递,11018,1798
迷你音响,手机数码,中国,华东,常州,顺丰快递,11018,1596
儿童套装,服装箱包,中国,华东,常州,顺丰快递,11018,599
微单数码相机,手机数码,中国,西南,重庆,顺丰快递,11020,15836
微波炉,家用电器,中国,华北,天津,顺丰快递,10483,873
汽车香水,汽车用品,中国,华北,天津,顺丰快递,10483,83
电饼铛,家用电器,中国,华北,天津,顺丰快递,10485,796
电源转换器,汽车用品,中国,华北,天津,顺丰快递,10485,70
化妆大全,图书,中国,华北,天津,顺丰快递,10485,294
电压力锅,家用电器,中国,华北,天津,顺丰快递,10485,1434
储藏箱6件套,家居厨具,中国,东北,长春,顺丰快递,10486,284
健身车,运动户外,中国,东北,长春,顺丰快递,10486,3248
运动手表,运动户外,中国,东北,长春,顺丰快递,10486,23059
复读机,电脑办公,中国,东北,大连,顺丰快递,10487,398
打印机,电脑办公,中国,东北,大连,顺丰快递,10487,2397
软件工程,图书,中国,东北,大连,顺丰快递,10487,354
电脑桌,家居厨具,中国,东北,大连,顺丰快递,10488,894
移动3G手机,手机数码,中国,东北,大连,顺丰快递,10488,19988
储藏箱6件套,家居厨具,中国,华东,南昌,顺丰快递,10489,1181
投影仪,电脑办公,中国,华东,南昌,顺丰快递,10489,9237
电脑桌,家居厨具,中国,华东,上海,顺丰快递,10490,1788
扫描仪,电脑办公,中国,华东,上海,顺丰快递,10490,2670
电磁炉,家用电器,中国,华东,上海,顺丰快递,10490,1436
沙发,家居厨具,中国,华北,天津,顺丰快递,10668,4298
化妆大全,图书,中国,华北,天津,顺丰快递,10668,137
毛呢外套女,服装箱包,中国,华北,天津,顺丰快递,10668,2998
电饼铛,家用电器,中国,华北,天津,顺丰快递,11041,2388
加湿器,汽车用品,中国,华北,天津,顺丰快递,11041,297
储藏箱6件套,家居厨具,中国,华北,天津,顺丰快递,11043,378
不粘炒锅,家居厨具,中国,华南,深圳,顺丰快递,11045,498
健身车,运动户外,中国,华南,深圳,顺丰快递,11045,3118
茶几,家居厨具,中国,华北,天津,顺丰快递,11046,899
衣架,家居厨具,中国,华北,天津,顺丰快递,11046,224
液晶电视,家用电器,中国,华北,天津,顺丰快递,11046,6999
三人帐篷,运动户外,中国,东北,大连,顺丰快递,11068,1345
电烤箱,家用电器,中国,东北,大连,顺丰快递,11068,1075
汽车香水,汽车用品,中国,东北,大连,顺丰快递,11068,231
冰箱,家用电器,中国,华南,深圳,顺丰快递,11069,3776
电饼铛,家用电器,中国,华北,张家口,顺丰快递,11072,716
功放,手机数码,中国,华北,张家口,顺丰快递,11072,6392
电子辞典,电脑办公,中国,华北,张家口,顺丰快递,11072,878
毛呢外套女,服装箱包,中国,华北,张家口,顺丰快递,11072,15587
储藏箱6件套,家居厨具,中国,华南,深圳,顺丰快递,11073,378
空调,家用电器,中国,华南,深圳,顺丰快递,11073,4798
投影仪,电脑办公,中国,华东,温州,顺丰快递,11074,3959
电饼铛,家用电器,中国,华东,常州,顺丰快递,11075,1194
MP3,手机数码,中国,华东,常州,顺丰快递,11075,1526
电饭煲,家用电器,中国,华东,常州,顺丰快递,11075,356
空气净化器,汽车用品,中国,华东,常州,顺丰快递,11076,295
冲锋衣,运动户外,中国,华东,常州,顺丰快递,11076,2295
复读机,电脑办公,中国,华东,常州,顺丰快递,11076,795
电饼铛,家用电器,中国,华南,深圳,顺丰快递,11077,1910
电源转换器,汽车用品,中国,华南,深圳,顺丰快递,11077,49
汽车天线,汽车用品,中国,华南,深圳,顺丰快递,11077,76
空气净化器,汽车用品,中国,华南,深圳,顺丰快递,11077,13
多功能刀,运动户外,中国,华南,深圳,顺丰快递,11077,71
对讲机,汽车用品,中国,华南,深圳,顺丰快递,11077,431
微单数码相机,手机数码,中国,华南,深圳,顺丰快递,11077,4839
茶几,家居厨具,中国,华南,深圳,顺丰快递,11077,539
三防手机,手机数码,中国,华南,深圳,顺丰快递,11077,6996
冲锋衣,运动户外,中国,华南,深圳,顺丰快递,11077,151
投影仪,电脑办公,中国,华南,深圳,顺丰快递,11077,1188
平板电脑,电脑办公,中国,华南,深圳,顺丰快递,11077,1144
旅行背包,服装箱包,中国,华南,深圳,顺丰快递,11077,839
衣架,家居厨具,中国,华南,深圳,顺丰快递,11077,197
冰箱,家用电器,中国,华南,深圳,顺丰快递,11077,1133
功放,手机数码,中国,华南,深圳,顺丰快递,11077,2077
MP3,手机数码,中国,华南,深圳,顺丰快递,11077,88
健身服,服装箱包,中国,华南,深圳,顺丰快递,11077,2639
化妆大全,图书,中国,华南,深圳,顺丰快递,11077,118
床单四件套,家居厨具,中国,华南,深圳,顺丰快递,11077,431
毛呢外套女,服装箱包,中国,华南,深圳,顺丰快递,11077,432
故障应急箱,汽车用品,中国,华南,深圳,顺丰快递,11077,659
移动3G手机,手机数码,中国,华南,深圳,顺丰快递,11077,600
电磁炉,家用电器,中国,华南,深圳,顺丰快递,11077,559
汽车香水,汽车用品,中国,华南,深圳,顺丰快递,11077,66
健身服,服装箱包,中国,华北,北京,顺丰快递,10334,3958
扫描仪,电脑办公,中国,华北,北京,顺丰快递,10334,1780
电饼铛,家用电器,中国,东北,长春,顺丰快递,10335,1353
沙发,家居厨具,中国,东北,长春,顺丰快递,10335,11940
衣架,家居厨具,中国,东北,长春,顺丰快递,10335,573
健身车,运动户外,中国,东北,长春,顺丰快递,10335,12470
汽车天线,汽车用品,中国,华北,北京,顺丰快递,10336,193
汽车天线,汽车用品,中国,华北,天津,顺丰快递,10339,138
成功学,图书,中国,华北,天津,顺丰快递,10339,137
考勤机,电脑办公,中国,华北,天津,顺丰快递,10339,980
电饼铛,家用电器,中国,西南,重庆,顺丰快递,10342,1910
沙发,家居厨具,中国,西南,重庆,顺丰快递,10342,26746
CDMA3G手机,手机数码,中国,西南,重庆,顺丰快递,10342,39976
化妆大全,图书,中国,西南,重庆,顺丰快递,10342,784
汽车天线,汽车用品,中国,华北,天津,顺丰快递,10344,242
对讲机,汽车用品,中国,华北,天津,顺丰快递,10344,6282
对讲机,汽车用品,中国,东北,长春,顺丰快递,10345,2513
复读机,电脑办公,中国,东北,长春,顺丰快递,10345,1272
男士钱包,服装箱包,中国,东北,长春,顺丰快递,10345,1157
卡片相机,手机数码,中国,华南,深圳,顺丰快递,10891,1375
电脑桌,家居厨具,中国,华北,天津,顺丰快递,10892,596
电子辞典,电脑办公,中国,东北,长春,顺丰快递,10429,1596
加湿器,汽车用品,中国,东北,长春,顺丰快递,10429,866
成功学,图书,中国,东北,大连,顺丰快递,10431,488
单反数码相机套机,手机数码,中国,东北,大连,顺丰快递,10431,112488
台式机,电脑办公,中国,东北,大连,顺丰快递,10431,34492
打印机,电脑办公,中国,华东,南京,顺丰快递,10432,1598
软件工程,图书,中国,华东,南京,顺丰快递,10432,236
储藏箱6件套,家居厨具,中国,华东,南昌,顺丰快递,10434,302
电饭煲,家用电器,中国,华东,南昌,顺丰快递,10434,832
电饼铛,家用电器,中国,华东,南京,顺丰快递,10435,796
女士挎包,服装箱包,中国,华东,南京,顺丰快递,10435,2198
一次性纸杯,家居厨具,中国,华东,南京,顺丰快递,10435,38
MP3,手机数码,中国,西南,重庆,顺丰快递,10436,509
儿童套装,服装箱包,中国,西南,重庆,顺丰快递,10436,1596
毛呢外套女,服装箱包,中国,西南,重庆,顺丰快递,10436,3597
电磁炉,家用电器,中国,西南,重庆,顺丰快递,10436,958
迷你音响,手机数码,中国,华东,青岛,顺丰快递,10853,1596
微单数码相机,手机数码,中国,华北,天津,顺丰快递,10854,65985
三防手机,手机数码,中国,华北,天津,顺丰快递,10854,48721
电饼铛,家用电器,中国,华北,石家庄,顺丰快递,10856,796
男士钱包,服装箱包,中国,华北,石家庄,顺丰快递,10856,798
电源转换器,汽车用品,中国,华东,南京,顺丰快递,10857,105
打印机,电脑办公,中国,华东,南京,顺丰快递,10857,6991
英语教材,图书,中国,华东,南京,顺丰快递,10857,495
空调,家用电器,中国,华北,张家口,顺丰快递,10859,23990
软件工程,图书,中国,华北,张家口,顺丰快递,10859,516
毛呢外套女,服装箱包,中国,华北,张家口,顺丰快递,10859,8992
成功学,图书,中国,华北,秦皇岛,顺丰快递,10861,164
迷你音响,手机数码,中国,华北,秦皇岛,顺丰快递,10861,1596
上网本,电脑办公,中国,华北,秦皇岛,顺丰快递,10861,12396
不粘炒锅,家居厨具,中国,华北,秦皇岛,顺丰快递,10861,697
考勤机,电脑办公,中国,华北,秦皇岛,顺丰快递,10861,455
储藏箱6件套,家居厨具,中国,华北,石家庄,顺丰快递,10862,473
健身服,服装箱包,中国,华北,石家庄,顺丰快递,10862,3958
榨汁机,家用电器,中国,华北,天津,顺丰快递,10863,327
长焦数码相机,手机数码,中国,华北,天津,顺丰快递,10863,6597
液晶电视,家用电器,中国,华东,温州,顺丰快递,10864,6999
面包机,家用电器,中国,华东,温州,顺丰快递,10864,273
复读机,电脑办公,中国,华北,天津,顺丰快递,10438,795
微波炉,家用电器,中国,华北,天津,顺丰快递,10438,1996
运动鞋,服装箱包,中国,华北,天津,顺丰快递,10438,4495
电饼铛,家用电器,中国,华北,天津,顺丰快递,10440,2687
投影仪,电脑办公,中国,华北,天津,顺丰快递,10440,24248
英语教材,图书,中国,华北,天津,顺丰快递,10440,356
车载MP3,汽车用品,中国,华北,天津,顺丰快递,10440,3632
打印复印一体机,电脑办公,中国,华东,济南,顺丰快递,10441,19995
储藏箱6件套,家居厨具,中国,华南,厦门,顺丰快递,10442,567
软件工程,图书,中国,华南,厦门,顺丰快递,10442,472
故障应急箱,汽车用品,中国,华南,厦门,顺丰快递,10442,3594
防盗锁,汽车用品,中国,华北,天津,顺丰快递,10579,398
电磁炉,家用电器,中国,华北,天津,顺丰快递,10579,838
运动鞋,服装箱包,中国,西南,昆明,顺丰快递,10582,1259
电饭煲,家用电器,中国,西南,昆明,顺丰快递,10582,475
英语教材,图书,中国,华北,天津,顺丰快递,10583,198
床单四件套,家居厨具,中国,华北,天津,顺丰快递,10583,2156
刀具7件套,家居厨具,中国,华北,天津,顺丰快递,10583,717
床单四件套,家居厨具,中国,西南,成都,顺丰快递,10419,1797
刀具7件套,家居厨具,中国,西南,成都,顺丰快递,10419,239
洗衣机,家用电器,中国,华东,南京,顺丰快递,10672,2748
计时器,家居厨具,中国,华东,南京,顺丰快递,10672,61
旅行背包,服装箱包,中国,华南,厦门,顺丰快递,10674,1049
冲锋衣,运动户外,中国,华东,常州,顺丰快递,10675,1377
健身的意义,图书,中国,华东,常州,顺丰快递,10675,175
长焦数码相机,手机数码,中国,华东,常州,顺丰快递,10675,5997
微单数码相机,手机数码,中国,华东,常州,顺丰快递,10676,10558
复读机,电脑办公,中国,华东,常州,顺丰快递,10676,429
GPS导航,汽车用品,中国,华东,常州,顺丰快递,10676,2098
上网本,电脑办公,中国,华南,海口,顺丰快递,10456,18594
一体机,电脑办公,中国,华南,海口,顺丰快递,10456,12597
沙发,家居厨具,中国,华北,石家庄,顺丰快递,10496,2388
空调,家用电器,中国,华北,张家口,顺丰快递,10498,5758
单反数码相机套机,手机数码,中国,华北,张家口,顺丰快递,10498,13499
男士钱包,服装箱包,中国,华北,张家口,顺丰快递,10498,1197
平板电脑,电脑办公,中国,华北,天津,顺丰快递,10514,10136
三人帐篷,运动户外,中国,华北,天津,顺丰快递,10514,1743
儿童套装,服装箱包,中国,华北,天津,顺丰快递,10514,2793
汽车坐垫,汽车用品,中国,华北,天津,顺丰快递,10514,386
电磁炉,家用电器,中国,华北,天津,顺丰快递,10514,1995
空调,家用电器,中国,华东,南昌,顺丰快递,10518,3599
洗衣机,家用电器,中国,华东,南昌,顺丰快递,10518,2748
GPS导航,汽车用品,中国,华东,南昌,顺丰快递,10518,1898
液晶电视,家用电器,中国,华北,天津,顺丰快递,10521,6499
功放,手机数码,中国,华北,天津,顺丰快递,10521,3196
扫描仪,电脑办公,中国,华北,天津,顺丰快递,10521,1424
成功学,图书,中国,华东,南京,顺丰快递,10523,98
平板电脑,电脑办公,中国,华东,南京,顺丰快递,10523,6498
音乐手机,手机数码,中国,华东,南京,顺丰快递,10523,2237
功放,手机数码,中国,华东,南京,顺丰快递,10523,2557
复读机,电脑办公,中国,华东,济南,顺丰快递,10447,636
汽车坐垫,汽车用品,中国,华东,济南,顺丰快递,10447,347
计时器,家居厨具,中国,华东,济南,顺丰快递,10447,33
打印机,电脑办公,中国,华北,天津,顺丰快递,10448,1278
单反数码相机套机,手机数码,中国,华北,天津,顺丰快递,10448,17998
微单数码相机,手机数码,中国,西南,重庆,顺丰快递,10449,10558
健身服,服装箱包,中国,西南,重庆,顺丰快递,10449,4398
考勤机,电脑办公,中国,西南,重庆,顺丰快递,10449,1225
微单数码相机,手机数码,中国,华东,南京,顺丰快递,10450,17596
软件工程,图书,中国,华东,南京,顺丰快递,10450,189
液晶电视,家用电器,中国,华东,济南,顺丰快递,10589,6999
平板电脑,电脑办公,中国,华北,天津,顺丰快递,10593,10916
刀具7件套,家居厨具,中国,华北,天津,顺丰快递,10593,956
电饭煲,家用电器,中国,华北,天津,顺丰快递,10593,554
健身服,服装箱包,中国,西南,重庆,顺丰快递,10594,5278
长焦数码相机,手机数码,中国,西南,重庆,顺丰快递,10594,5997
复读机,电脑办公,中国,华东,温州,顺丰快递,10621,239
旅行背包,服装箱包,中国,华东,温州,顺丰快递,10621,1398
电压力锅,家用电器,中国,华东,温州,顺丰快递,10621,478
计时器,家居厨具,中国,华东,温州,顺丰快递,10621,69
冲锋衣,运动户外,中国,华北,天津,顺丰快递,10623,964
复读机,电脑办公,中国,华北,天津,顺丰快递,10623,398
上网本,电脑办公,中国,华北,天津,顺丰快递,10623,7748
空调,家用电器,中国,华北,天津,顺丰快递,10623,3119
液晶电视,家用电器,中国,华北,天津,顺丰快递,10623,14997
三人帐篷,运动户外,中国,西南,重庆,顺丰快递,10624,996
英语教材,图书,中国,西南,重庆,顺丰快递,10624,158
GPS导航,汽车用品,中国,西南,重庆,顺丰快递,10624,1998
健身的意义,图书,中国,华东,南京,顺丰快递,10626,55
床单四件套,家居厨具,中国,华东,南京,顺丰快递,10626,1198
计时器,家居厨具,中国,华东,南京,顺丰快递,10626,55
化妆大全,图书,中国,华北,石家庄,顺丰快递,10630,108
电饭煲,家用电器,中国,华北,石家庄,顺丰快递,10630,693
电饼铛,家用电器,中国,东北,大连,顺丰快递,10641,1990
单反数码相机套机,手机数码,中国,东北,大连,顺丰快递,10641,53994
榨汁机,家用电器,中国,华北,天津,顺丰快递,10348,409
旅行背包,服装箱包,中国,华北,天津,顺丰快递,10348,1748
电子辞典,电脑办公,中国,西南,昆明,顺丰快递,10350,998
刀具7件套,家居厨具,中国,西南,昆明,顺丰快递,10350,669
沙发,家居厨具,中国,华南,厦门,顺丰快递,10356,7164
化妆大全,图书,中国,华南,厦门,顺丰快递,10356,216
刀具7件套,家居厨具,中国,华南,厦门,顺丰快递,10356,478
电饭煲,家用电器,中国,华北,天津,顺丰快递,11050,990
迷你音响,手机数码,中国,华东,南京,顺丰快递,11053,5586
衣架,家居厨具,中国,华东,南京,顺丰快递,11053,358
毛呢外套女,服装箱包,中国,华东,南京,顺丰快递,11053,5995
空调,家用电器,中国,西南,成都,顺丰快递,11055,5998
天文望远镜,电脑办公,中国,西南,成都,顺丰快递,11055,1075
健身车,运动户外,中国,西南,成都,顺丰快递,11055,2598
运动鞋,服装箱包,中国,西南,成都,顺丰快递,11055,1798
多功能刀,运动户外,中国,华东,南京,顺丰快递,11056,516
化妆大全,图书,中国,华东,南京,顺丰快递,11056,343
床单四件套,家居厨具,中国,华东,南京,顺丰快递,11056,2995
三防手机,手机数码,中国,华南,海口,顺丰快递,11059,14991
成功学,图书,中国,华南,海口,顺丰快递,11059,86
床单四件套,家居厨具,中国,华南,海口,顺丰快递,11059,2097
床单四件套,家居厨具,中国,华北,秦皇岛,顺丰快递,11060,839
汽车香水,汽车用品,中国,华北,秦皇岛,顺丰快递,11060,110
健身的意义,图书,中国,华北,张家口,顺丰快递,11062,100
电压力锅,家用电器,中国,华北,张家口,顺丰快递,11062,1052
微波炉,家用电器,中国,华北,石家庄,顺丰快递,11063,1497
单反数码相机套机,手机数码,中国,华北,石家庄,顺丰快递,11063,35996
功放,手机数码,中国,华北,石家庄,顺丰快递,11063,4794
投影仪,电脑办公,中国,华北,石家庄,顺丰快递,11066,4289
复读机,电脑办公,中国,华北,石家庄,顺丰快递,11066,668
微波炉,家用电器,中国,华北,石家庄,顺丰快递,11066,1747
功放,手机数码,中国,华北,天津,顺丰快递,11067,3036
冰箱,家用电器,中国,东北,长春,顺丰快递,10361,10195
床单四件套,家居厨具,中国,东北,长春,顺丰快递,10361,3295
储藏箱6件套,家居厨具,中国,华北,石家庄,顺丰快递,10365,454
汽车坐垫,汽车用品,中国,华南,海口,顺丰快递,10366,149
汽车香水,汽车用品,中国,华南,海口,顺丰快递,10366,83
上网本,电脑办公,中国,东北,大连,顺丰快递,10368,30990
三人帐篷,运动户外,中国,东北,大连,顺丰快递,10368,1145
运动鞋,服装箱包,中国,东北,大连,顺丰快递,10368,2248
毛呢外套女,服装箱包,中国,东北,大连,顺丰快递,10368,11870
榨汁机,家用电器,中国,东北,长春,顺丰快递,10370,409
毛呢外套女,服装箱包,中国,东北,长春,顺丰快递,10370,3597
运动手表,运动户外,中国,东北,长春,顺丰快递,10370,26607
平板电脑,电脑办公,中国,华北,天津,顺丰快递,10372,14294
洗衣机,家用电器,中国,华北,天津,顺丰快递,10372,10990
床单四件套,家居厨具,中国,华北,天津,顺丰快递,10372,10482
一次性纸杯,家居厨具,中国,华北,天津,顺丰快递,10372,198
冲锋衣,运动户外,中国,华东,温州,顺丰快递,10375,1148
软件工程,图书,中国,华东,温州,顺丰快递,10375,118
沙发,家居厨具,中国,华北,石家庄,顺丰快递,10376,5015
多功能刀,运动户外,中国,西南,重庆,顺丰快递,10385,516
床单四件套,家居厨具,中国,西南,重庆,顺丰快递,10385,2396
扫描仪,电脑办公,中国,西南,重庆,顺丰快递,10385,3204
储藏箱6件套,家居厨具,中国,华北,张家口,顺丰快递,10407,567
刀具7件套,家居厨具,中国,华北,张家口,顺丰快递,10407,598
计时器,家居厨具,中国,华北,张家口,顺丰快递,10407,69
冲锋衣,运动户外,中国,华北,天津,顺丰快递,10412,918
榨汁机,家用电器,中国,西南,昆明,顺丰快递,10413,262
考勤机,电脑办公,中国,西南,昆明,顺丰快递,10413,1400
电饭煲,家用电器,中国,西南,昆明,顺丰快递,10413,475
毛呢外套女,服装箱包,中国,华北,天津,顺丰快递,10557,3597
电磁炉,家用电器,中国,华北,天津,顺丰快递,10557,798
台式机,电脑办公,中国,华南,厦门,顺丰快递,10558,11498
健身车,运动户外,中国,华南,厦门,顺丰快递,10558,2598
健身服,服装箱包,中国,华南,厦门,顺丰快递,10558,6597
健身的意义,图书,中国,华南,厦门,顺丰快递,10558,70
移动3G手机,手机数码,中国,华南,厦门,顺丰快递,10558,6496
GPS导航,汽车用品,中国,华北,天津,顺丰快递,10561,1998
健身车,运动户外,中国,华北,天津,顺丰快递,10561,6495
CDMA3G手机,手机数码,中国,华东,青岛,顺丰快递,10563,12493
健身服,服装箱包,中国,华东,青岛,顺丰快递,10563,15393
空调,家用电器,中国,西南,重庆,顺丰快递,10565,5998
毛呢外套女,服装箱包,中国,西南,重庆,顺丰快递,10565,3357
投影仪,电脑办公,中国,华东,南京,顺丰快递,10572,7258
衣架,家居厨具,中国,华东,南京,顺丰快递,10572,358
单反数码相机套机,手机数码,中国,华东,南京,顺丰快递,10572,44995
电磁炉,家用电器,中国,华东,南京,顺丰快递,10572,998
空调,家用电器,中国,西南,重庆,顺丰快递,10387,5998
三人帐篷,运动户外,中国,西南,重庆,顺丰快递,10387,797
电脑桌,家居厨具,中国,西南,重庆,顺丰快递,10387,656
计时器,家居厨具,中国,西南,重庆,顺丰快递,10387,69
微单数码相机,手机数码,中国,华东,青岛,顺丰快递,10389,11437
化妆大全,图书,中国,华东,青岛,顺丰快递,10389,245
考勤机,电脑办公,中国,华东,青岛,顺丰快递,10389,700
电压力锅,家用电器,中国,华东,青岛,顺丰快递,10389,717
旅行背包,服装箱包,中国,华北,天津,顺丰快递,10402,4194
加湿器,汽车用品,中国,华北,天津,顺丰快递,10402,644
不粘炒锅,家居厨具,中国,华北,石家庄,顺丰快递,10574,478
单反数码相机套机,手机数码,中国,华北,石家庄,顺丰快递,10574,10799
考勤机,电脑办公,中国,华北,石家庄,顺丰快递,10574,700
毛呢外套女,服装箱包,中国,华北,石家庄,顺丰快递,10574,1918
冰箱,家用电器,中国,华北,天津,顺丰快递,10577,3776
电磁炉,家用电器,中国,华北,天津,顺丰快递,10577,798
汽车香水,汽车用品,中国,华北,天津,顺丰快递,10577,154
微单数码相机,手机数码,中国,西南,昆明,顺丰快递,10524,5279
卡片相机,手机数码,中国,西南,昆明,顺丰快递,10524,2200
电烤箱,家用电器,中国,西南,昆明,顺丰快递,10524,1194
软件工程,图书,中国,西南,昆明,顺丰快递,10524,148
CDMA3G手机,手机数码,中国,华东,济南,顺丰快递,10525,14991
单反数码相机套机,手机数码,中国,华东,济南,顺丰快递,10525,22498
榨汁机,家用电器,中国,华北,石家庄,顺丰快递,10526,294
三防手机,手机数码,中国,华北,石家庄,顺丰快递,10526,9994
儿童套装,服装箱包,中国,华北,石家庄,顺丰快递,10526,1796
三人帐篷,运动户外,中国,华北,北京,顺丰快递,10499,996
一体机,电脑办公,中国,华北,北京,顺丰快递,10499,9998
冲锋衣,运动户外,中国,华北,天津,顺丰快递,10503,3213
汽车坐垫,汽车用品,中国,华北,天津,顺丰快递,10503,198
天文望远镜,电脑办公,中国,华北,天津,顺丰快递,10506,1204
电压力锅,家用电器,中国,华北,天津,顺丰快递,10506,574
英语教材,图书,中国,华北,天津,顺丰快递,10971,238
成功学,图书,中国,华北,石家庄,顺丰快递,10972,62
不粘炒锅,家居厨具,中国,华北,石家庄,顺丰快递,10972,338
打印机,电脑办公,中国,华北,秦皇岛,顺丰快递,10973,1199
功放,手机数码,中国,华北,秦皇岛,顺丰快递,10973,2557
电磁炉,家用电器,中国,华北,秦皇岛,顺丰快递,10973,798
对讲机,汽车用品,中国,华东,常州,顺丰快递,10978,1077
上网本,电脑办公,中国,华东,常州,顺丰快递,10978,18594
单反数码相机套机,手机数码,中国,华东,常州,顺丰快递,10978,17998
GPS导航,汽车用品,中国,华东,常州,顺丰快递,10978,2398
多功能刀,运动户外,中国,华北,张家口,顺丰快递,10979,361
茶几,家居厨具,中国,华北,张家口,顺丰快递,10979,1798
空调,家用电器,中国,华北,张家口,顺丰快递,10979,19192
打印复印一体机,电脑办公,中国,华北,张家口,顺丰快递,10979,11997
沙发,家居厨具,中国,华北,张家口,顺丰快递,10979,5731
加湿器,汽车用品,中国,华北,张家口,顺丰快递,10979,347
洗衣机,家用电器,中国,华北,北京,顺丰快递,10981,6594
三防手机,手机数码,中国,华南,深圳,顺丰快递,10983,62962
运动鞋,服装箱包,中国,华南,深圳,顺丰快递,10983,2248
电压力锅,家用电器,中国,华东,南京,EMS,10538,406
一次性纸杯,家居厨具,中国,华东,南京,EMS,10538,21
三防手机,手机数码,中国,华东,南京,EMS,10539,8995
上网本,电脑办公,中国,华东,南京,EMS,10539,7748
不粘炒锅,家居厨具,中国,华东,南京,EMS,10539,498
一体机,电脑办公,中国,华东,南京,EMS,10539,6398
电源转换器,汽车用品,中国,华北,石家庄,EMS,10540,210
打印机,电脑办公,中国,华北,石家庄,EMS,10540,3196
洗衣机,家用电器,中国,华北,石家庄,EMS,10540,3297
扫描仪,电脑办公,中国,华北,石家庄,EMS,10540,3115
储藏箱6件套,家居厨具,中国,华北,天津,EMS,10542,236
软件工程,图书,中国,华北,天津,EMS,10542,71
多功能刀,运动户外,中国,华东,南京,EMS,10546,258
液晶电视,家用电器,中国,华东,南京,EMS,10546,14997
考勤机,电脑办公,中国,华东,南京,EMS,10546,1400
成功学,图书,中国,东北,大连,EMS,10550,70
复读机,电脑办公,中国,东北,大连,EMS,10550,318
上网本,电脑办公,中国,东北,大连,EMS,10550,4958
车载MP3,汽车用品,中国,东北,大连,EMS,10550,538
投影仪,电脑办公,中国,华东,南京,EMS,10551,19794
液晶电视,家用电器,中国,华东,南京,EMS,10551,14997
GPS导航,汽车用品,中国,华东,南京,EMS,10551,3996
单反操作指南,图书,中国,华北,天津,EMS,10693,94
软件工程,图书,中国,华北,天津,EMS,10693,531
刀具7件套,家居厨具,中国,华北,天津,EMS,10693,1076
移动3G手机,手机数码,中国,华北,天津,EMS,10693,18739
多功能刀,运动户外,中国,华北,天津,EMS,10694,1161
电脑桌,家居厨具,中国,华北,天津,EMS,10694,745
电压力锅,家用电器,中国,华北,天津,EMS,10694,1195
成功学,图书,中国,华南,海口,EMS,10696,78
MP3,手机数码,中国,华南,海口,EMS,10696,949
台式机,电脑办公,中国,华东,南京,EMS,10699,10118
电脑桌,家居厨具,中国,华东,上海,EMS,10701,1877
计时器,家居厨具,中国,华东,上海,EMS,10701,83
电饭煲,家用电器,中国,华东,上海,EMS,10701,1040
投影仪,电脑办公,中国,华北,石家庄,EMS,10706,6598
电烤箱,家用电器,中国,华北,石家庄,EMS,10706,478
电脑桌,家居厨具,中国,华北,石家庄,EMS,10706,536
化妆大全,图书,中国,西南,成都,EMS,10707,206
运动鞋,服装箱包,中国,西南,成都,EMS,10707,3596
电压力锅,家用电器,中国,西南,成都,EMS,10707,1004
英语教材,图书,中国,东北,大连,EMS,10510,356
电磁炉,家用电器,中国,东北,大连,EMS,10510,1436
汽车天线,汽车用品,中国,华北,石家庄,EMS,10511,518
多功能刀,运动户外,中国,华北,石家庄,EMS,10511,968
对讲机,汽车用品,中国,华北,石家庄,EMS,10511,1077
卡片相机,手机数码,中国,华东,南京,EMS,10532,2750
故障应急箱,汽车用品,中国,华东,南京,EMS,10532,1438
对讲机,汽车用品,中国,华东,上海,EMS,10709,1436
健身车,运动户外,中国,华东,上海,EMS,10709,3637
床单四件套,家居厨具,中国,华东,上海,EMS,10709,1198
电饼铛,家用电器,中国,华东,温州,EMS,10714,2985
成功学,图书,中国,华东,温州,EMS,10714,848
台式机,电脑办公,中国,华东,温州,EMS,10714,57488
儿童套装,服装箱包,中国,华东,温州,EMS,10714,2793
长焦数码相机,手机数码,中国,华东,温州,EMS,10714,10994
茶几,家居厨具,中国,西南,重庆,EMS,10718,3236
投影仪,电脑办公,中国,西南,重庆,EMS,10718,6598
CDMA3G手机,手机数码,中国,西南,重庆,EMS,10718,19988
考勤机,电脑办公,中国,西南,重庆,EMS,10718,700
GPS导航,汽车用品,中国,华东,南昌,EMS,10721,2498
电饼铛,家用电器,中国,华东,常州,EMS,10792,796
软件工程,图书,中国,华东,常州,EMS,10792,77
扫描仪,电脑办公,中国,华东,常州,EMS,10792,2225
功放,手机数码,中国,华北,天津,EMS,10793,3835
健身服,服装箱包,中国,华北,天津,EMS,10793,3958
三防手机,手机数码,中国,华北,秦皇岛,EMS,10799,14991
空调,家用电器,中国,华北,秦皇岛,EMS,10799,7197
电脑桌,家居厨具,中国,华北,秦皇岛,EMS,10799,745
储藏箱6件套,家居厨具,中国,华东,南京,EMS,10800,945
健身车,运动户外,中国,华东,南京,EMS,10800,2598
软件工程,图书,中国,华东,南京,EMS,10800,100
英语教材,图书,中国,华东,温州,EMS,10834,89
卡片相机,手机数码,中国,华东,温州,EMS,10834,1100
电脑桌,家居厨具,中国,华北,天津,EMS,10835,745
电压力锅,家用电器,中国,华北,天津,EMS,10835,574
三防手机,手机数码,中国,华东,南京,EMS,10837,7995
单反数码相机套机,手机数码,中国,华东,南京,EMS,10837,22498
台式机,电脑办公,中国,华东,南京,EMS,10837,45990
电饭煲,家用电器,中国,华东,南京,EMS,10837,1040
榨汁机,家用电器,中国,华北,石家庄,EMS,10838,382
迷你音响,手机数码,中国,华北,石家庄,EMS,10838,4988
CDMA3G手机,手机数码,中国,华北,石家庄,EMS,10838,62462
长焦数码相机,手机数码,中国,西南,重庆,EMS,10839,5997
一次性纸杯,家居厨具,中国,西南,重庆,EMS,10839,47
储藏箱6件套,家居厨具,中国,东北,大连,EMS,10842,473
电烤箱,家用电器,中国,东北,大连,EMS,10842,299
扫描仪,电脑办公,中国,东北,大连,EMS,10842,1780
电压力锅,家用电器,中国,东北,大连,EMS,10842,526
汽车天线,汽车用品,中国,华南,海口,EMS,10846,145
电压力锅,家用电器,中国,华南,海口,EMS,10846,717
运动手表,运动户外,中国,华南,海口,EMS,10846,17738
榨汁机,家用电器,中国,华北,天津,EMS,10847,1744
复读机,电脑办公,中国,华北,天津,EMS,10847,700
音乐手机,手机数码,中国,华北,天津,EMS,10847,9588
MP4,手机数码,中国,华北,天津,EMS,10847,6473
床单四件套,家居厨具,中国,华北,天津,EMS,10847,5391
计时器,家居厨具,中国,华北,天津,EMS,10847,303
防盗锁,汽车用品,美国,纽约州,纽约,EMS,10283,398
复读机,电脑办公,美国,纽约州,纽约,EMS,10283,445
床单四件套,家居厨具,美国,纽约州,纽约,EMS,10283,2097
一次性纸杯,家居厨具,美国,纽约州,纽约,EMS,10283,25
液晶电视,家用电器,美国,纽约州,罗斯特,EMS,10286,49990
考勤机,电脑办公,美国,纽约州,罗斯特,EMS,10286,1400
投影仪,电脑办公,中国,华南,深圳,EMS,10287,19794
微波炉,家用电器,中国,华南,深圳,EMS,10287,998
MP3,手机数码,中国,华南,深圳,EMS,10287,1271
电源转换器,汽车用品,中国,华东,南京,EMS,10289,105
毛呢外套女,服装箱包,中国,华东,南京,EMS,10289,2278
迷你音响,手机数码,中国,华东,济南,EMS,10293,1756
空调,家用电器,中国,华东,济南,EMS,10293,4798
加湿器,汽车用品,中国,华东,济南,EMS,10293,149
电磁炉,家用电器,中国,华东,济南,EMS,10293,638
软件工程,图书,中国,华北,天津,EMS,10781,153
儿童套装,服装箱包,中国,华北,天津,EMS,10781,1596
运动手表,运动户外,中国,华北,天津,EMS,10781,31042
沙发,家居厨具,中国,华东,上海,EMS,10782,2627
CDMA3G手机,手机数码,中国,东北,大连,EMS,10784,14991
冰箱,家用电器,中国,东北,大连,EMS,10784,3398
一次性纸杯,家居厨具,中国,东北,大连,EMS,10784,85
微单数码相机,手机数码,中国,华北,天津,EMS,10785,8798
电磁炉,家用电器,中国,华北,天津,EMS,10785,798
迷你音响,手机数码,中国,华北,北京,EMS,10305,1995
英语教材,图书,中国,华北,北京,EMS,10305,248
冰箱,家用电器,中国,华北,北京,EMS,10305,5664
卡片相机,手机数码,中国,华北,北京,EMS,10306,2200
健身的意义,图书,中国,华北,北京,EMS,10306,50
软件工程,图书,中国,华北,北京,EMS,10306,89
刀具7件套,家居厨具,中国,华南,深圳,EMS,10308,263
电压力锅,家用电器,中国,华南,深圳,EMS,10308,359
男士钱包,服装箱包,中国,西南,重庆,EMS,10311,638
刀具7件套,家居厨具,中国,西南,重庆,EMS,10311,406
成功学,图书,中国,华北,北京,EMS,10248,86
男士钱包,服装箱包,中国,华北,北京,EMS,10248,798
一次性纸杯,家居厨具,中国,华北,北京,EMS,10248,28
考勤机,电脑办公,中国,华北,北京,EMS,10822,455
电压力锅,家用电器,中国,华北,北京,EMS,10822,382
功放,手机数码,中国,华北,北京,EMS,10725,3516
健身服,服装箱包,中国,华北,北京,EMS,10725,3079
化妆大全,图书,中国,华北,北京,EMS,10725,157
榨汁机,家用电器,中国,华东,上海,EMS,10729,545
上网本,电脑办公,中国,华东,上海,EMS,10729,9297
电子辞典,电脑办公,中国,华东,上海,EMS,10729,1596
冲锋衣,运动户外,中国,华东,南京,EMS,10733,1193
三人帐篷,运动户外,中国,华东,南京,EMS,10733,996
健身服,服装箱包,中国,华东,南京,EMS,10733,5498
空气净化器,汽车用品,中国,华东,常州,EMS,10734,177
卡片相机,手机数码,中国,华东,常州,EMS,10734,2750
电饭煲,家用电器,中国,华东,常州,EMS,10734,396
CDMA3G手机,手机数码,中国,华北,天津,EMS,10739,7995
健身服,服装箱包,中国,华北,天津,EMS,10739,6157
电饼铛,家用电器,中国,华北,秦皇岛,EMS,10741,1990
电源转换器,汽车用品,中国,华北,天津,EMS,10742,70
床单四件套,家居厨具,中国,华北,天津,EMS,10742,2995
一次性纸杯,家居厨具,中国,华北,天津,EMS,10742,66
三防手机,手机数码,中国,华北,天津,EMS,10746,7995
男士钱包,服装箱包,中国,华北,天津,EMS,10746,1117
考勤机,电脑办公,中国,华北,天津,EMS,10746,665
刀具7件套,家居厨具,中国,华北,天津,EMS,10746,956
打印机,电脑办公,中国,华北,天津,EMS,10751,1758
卡片相机,手机数码,中国,华北,天津,EMS,10751,3300
电子辞典,电脑办公,中国,华北,天津,EMS,10751,798
移动3G手机,手机数码,中国,华北,天津,EMS,10751,12493
微波炉,家用电器,中国,华北,天津,EMS,10805,998
洗衣机,家用电器,中国,华北,天津,EMS,10805,2198
儿童套装,服装箱包,中国,华东,南昌,EMS,10808,1197
电饭煲,家用电器,中国,华东,南昌,EMS,10808,1485
三防手机,手机数码,中国,东北,大连,EMS,10810,11993
天文望远镜,电脑办公,中国,东北,大连,EMS,10810,1075
电压力锅,家用电器,中国,东北,大连,EMS,10810,598
功放,手机数码,中国,华东,南京,EMS,10814,3196
电烤箱,家用电器,中国,华东,南京,EMS,10814,597
笔记本电脑,电脑办公,中国,华东,南京,EMS,10814,16197
车载MP3,汽车用品,中国,华东,南京,EMS,10814,1211
不粘炒锅,家居厨具,中国,华北,天津,EMS,10815,517
衣架,家居厨具,中国,华北,天津,EMS,10818,358
功放,手机数码,中国,华北,天津,EMS,10818,3196
电烤箱,家用电器,中国,华南,厦门,EMS,10819,537
电磁炉,家用电器,中国,华南,厦门,EMS,10819,798
榨汁机,家用电器,中国,华东,南京,EMS,10752,196
刀具7件套,家居厨具,中国,华东,南京,EMS,10752,311
单反数码相机套机,手机数码,中国,华北,北京,EMS,10754,11699
打印机,电脑办公,中国,华北,北京,EMS,10758,1598
健身服,服装箱包,中国,华北,北京,EMS,10758,13194
电压力锅,家用电器,中国,华北,北京,EMS,10758,956
衣架,家居厨具,中国,华北,北京,EMS,10759,358
上网本,电脑办公,中国,华东,南京,EMS,10763,12396
女士挎包,服装箱包,中国,华东,南京,EMS,10763,1598
空调,家用电器,中国,华东,南京,EMS,10763,4798
电源转换器,汽车用品,中国,华北,天津,EMS,10764,70
冰箱,家用电器,中国,华北,天津,EMS,10764,24544
汽车坐垫,汽车用品,中国,华北,北京,EMS,10765,792
男士钱包,服装箱包,中国,华北,石家庄,EMS,10767,479
储藏箱6件套,家居厨具,中国,华北,秦皇岛,EMS,10770,1181
成功学,图书,中国,华北,天津,EMS,10773,129
沙发,家居厨具,中国,华北,天津,EMS,10773,33432
电磁炉,家用电器,中国,华北,天津,EMS,10773,1357
沙发,家居厨具,中国,华北,北京,EMS,10776,3104
男士钱包,服装箱包,中国,华北,北京,EMS,10776,439
MP4,手机数码,中国,华北,北京,EMS,10776,1214
健身车,运动户外,中国,华北,北京,EMS,10776,7794
微单数码相机,手机数码,中国,华东,济南,EMS,10273,5279
沙发,家居厨具,中国,华东,济南,EMS,10273,2985
不粘炒锅,家居厨具,中国,华东,济南,EMS,10273,398
单反数码相机套机,手机数码,中国,华东,济南,EMS,10273,26997
电饭煲,家用电器,中国,华东,济南,EMS,10273,327
微单数码相机,手机数码,中国,华东,青岛,EMS,10276,10998
三防手机,手机数码,中国,华东,青岛,EMS,10276,9994
三人帐篷,运动户外,中国,华东,南京,EMS,10277,996
考勤机,电脑办公,中国,华东,南京,EMS,10277,770
功放,手机数码,中国,华北,张家口,EMS,10316,3196
考勤机,电脑办公,中国,华北,张家口,EMS,10316,2450
成功学,图书,中国,华南,深圳,EMS,10319,70
三人帐篷,运动户外,中国,华南,深圳,EMS,10319,1195
电饭煲,家用电器,中国,华南,深圳,EMS,10319,594
计时器,家居厨具,中国,华东,温州,EMS,10320,83
健身服,服装箱包,中国,西南,昆明,EMS,10322,4398
空气净化器,汽车用品,中国,华南,厦门,EMS,10325,94
三防手机,手机数码,中国,华南,厦门,EMS,10325,10993
冲锋衣,运动户外,中国,华南,厦门,EMS,10325,872
沙发,家居厨具,中国,华南,厦门,EMS,10325,3343
一次性纸杯,家居厨具,中国,华南,厦门,EMS,10325,76
电脑桌,家居厨具,中国,华北,北京,EMS,10328,566
汽车坐垫,汽车用品,中国,华北,北京,EMS,10328,396
扫描仪,电脑办公,中国,华北,北京,EMS,10328,1780
冲锋衣,运动户外,中国,华北,天津,EMS,10333,918
上网本,电脑办公,中国,华北,天津,EMS,10333,6198
计时器,家居厨具,中国,华北,天津,EMS,10333,110
电饼铛,家用电器,中国,华北,北京,EMS,10255,796
投影仪,电脑办公,中国,华北,北京,EMS,10255,11547
CDMA3G手机,手机数码,中国,华北,北京,EMS,10255,12493
电脑桌,家居厨具,中国,华北,北京,EMS,10255,894
打印复印一体机,电脑办公,中国,华东,上海,EMS,10257,9998
冰箱,家用电器,中国,华东,上海,EMS,10257,3021
汽车香水,汽车用品,中国,华东,上海,EMS,10257,138
上网本,电脑办公,中国,华东,上海,EMS,10259,6198
音乐手机,手机数码,中国,华东,上海,EMS,10259,879
汽车清洁套装,汽车用品,中国,华东,上海,EMS,10262,1140
多功能刀,运动户外,中国,华东,上海,EMS,10262,323
儿童套装,服装箱包,中国,华东,上海,EMS,10262,479
投影仪,电脑办公,中国,华北,北京,EMS,10263,49485
空调,家用电器,中国,华北,北京,EMS,10263,6717
卡片相机,手机数码,中国,华北,北京,EMS,10263,16500
运动手表,运动户外,中国,华北,北京,EMS,10263,79821
电饼铛,家用电器,中国,华北,北京,EMS,10264,1393
功放,手机数码,中国,华北,北京,EMS,10264,5993
茶几,家居厨具,中国,华北,北京,EMS,10266,989
英语教材,图书,中国,华东,青岛,EMS,10268,198
一次性纸杯,家居厨具,中国,华东,青岛,EMS,10268,26
复读机,电脑办公,中国,西南,成都,EMS,10910,350
一体机,电脑办公,中国,西南,成都,EMS,10910,7998
车载MP3,汽车用品,中国,西南,成都,EMS,10910,404
榨汁机,家用电器,中国,华北,北京,EMS,10918,0
床单四件套,家居厨具,中国,华北,北京,EMS,10918,0
成功学,图书,中国,华北,石家庄,EMS,10922,98
空调,家用电器,中国,华北,石家庄,EMS,10922,8397
男士钱包,服装箱包,中国,华南,深圳,EMS,10923,1596
电烤箱,家用电器,中国,华南,深圳,EMS,10923,796
面包机,家用电器,中国,华南,深圳,EMS,10923,523
储藏箱6件套,家居厨具,中国,东北,大连,EMS,10926,227
三防手机,手机数码,中国,东北,大连,EMS,10926,9994
复读机,电脑办公,中国,东北,大连,EMS,10926,270
一次性纸杯,家居厨具,中国,东北,大连,EMS,10926,38
上网本,电脑办公,中国,华南,深圳,EMS,10930,11156
打印复印一体机,电脑办公,中国,华南,深圳,EMS,10930,9998
化妆大全,图书,中国,华南,深圳,EMS,10930,490
长焦数码相机,手机数码,中国,华南,深圳,EMS,10930,11994
健身的意义,图书,中国,华北,天津,EMS,10933,30
车载MP3,汽车用品,中国,华北,天津,EMS,10933,807
空气净化器,汽车用品,中国,华北,天津,EMS,10934,118
榨汁机,家用电器,中国,华南,厦门,EMS,10935,229
迷你音响,手机数码,中国,华南,厦门,EMS,10935,2793
旅行背包,服装箱包,中国,华南,厦门,EMS,10935,3146
三人帐篷,运动户外,中国,华东,常州,EMS,10937,896
微波炉,家用电器,中国,华东,常州,EMS,10937,998
多功能刀,运动户外,中国,华南,深圳,EMS,10940,232
三防手机,手机数码,中国,华南,深圳,EMS,10940,9994
一体机,电脑办公,中国,华北,石家庄,EMS,10942,11197
MP4,手机数码,中国,西北,西安,EMS,10896,2248
儿童套装,服装箱包,中国,西北,西安,EMS,10896,1037
冰箱,家用电器,中国,西南,重庆,EMS,10899,5098
三防手机,手机数码,中国,华北,石家庄,EMS,10903,19988
汽车坐垫,汽车用品,中国,华北,石家庄,EMS,10903,208
扫描仪,电脑办公,中国,华北,石家庄,EMS,10903,1780
长焦数码相机,手机数码,中国,华北,天津,EMS,10904,4998
考勤机,电脑办公,中国,华北,天津,EMS,10904,1225
车载MP3,汽车用品,中国,华南,深圳,EMS,10906,673
电磁炉,家用电器,中国,华南,厦门,EMS,10907,958
储藏箱6件套,家居厨具,中国,华北,秦皇岛,EMS,10944,709
GPS导航,汽车用品,中国,华北,秦皇岛,EMS,10944,6993
儿童套装,服装箱包,中国,华北,秦皇岛,EMS,10944,1117
电子辞典,电脑办公,中国,华南,深圳,EMS,10948,758
健身车,运动户外,中国,华南,深圳,EMS,10948,5196
化妆大全,图书,中国,华南,深圳,EMS,10948,137
空气净化器,汽车用品,中国,华北,张家口,EMS,10949,130
微单数码相机,手机数码,中国,华北,张家口,EMS,10949,13197
成功学,图书,中国,华北,张家口,EMS,10949,62
考勤机,电脑办公,中国,华北,张家口,EMS,10949,2100
卡片相机,手机数码,中国,西北,西安,EMS,10957,3300
液晶电视,家用电器,中国,西北,西安,EMS,10957,19996
毛呢外套女,服装箱包,中国,西北,西安,EMS,10957,2158
床单四件套,家居厨具,中国,华东,南京,EMS,10963,1078
健身车,运动户外,中国,华北,天津,EMS,10965,3377
茶几,家居厨具,中国,华南,深圳,EMS,10968,2697
空调,家用电器,中国,华南,深圳,EMS,10968,7197
毛呢外套女,服装箱包,中国,华南,深圳,EMS,10968,1679
上网本,电脑办公,中国,西南,重庆,EMS,10990,20144
微波炉,家用电器,中国,西南,重庆,EMS,10990,4491
化妆大全,图书,中国,西南,重庆,EMS,10990,956
车载MP3,汽车用品,中国,西南,重庆,EMS,10990,2663
一次性纸杯,家居厨具,中国,华北,天津,EMS,10992,23
英语教材,图书,中国,华南,厦门,EMS,10993,1238
功放,手机数码,中国,华南,厦门,EMS,10993,13982
电脑桌,家居厨具,中国,华南,深圳,EMS,10994,417
健身车,运动户外,中国,华北,天津,EMS,10995,2598
床单四件套,家居厨具,中国,华北,天津,EMS,10995,839
汽车天线,汽车用品,中国,华北,石家庄,EMS,11000,431
空调,家用电器,中国,华北,石家庄,EMS,11000,17992
汽车香水,汽车用品,中国,华北,石家庄,EMS,11000,165
榨汁机,家用电器,中国,华北,秦皇岛,EMS,11003,153
单反数码相机套机,手机数码,中国,华北,秦皇岛,EMS,11003,17998
健身服,服装箱包,中国,华北,秦皇岛,EMS,11003,4398
三人帐篷,运动户外,中国,华东,常州,EMS,11008,1743
微波炉,家用电器,中国,华东,常州,EMS,11008,2246
计时器,家居厨具,中国,华东,常州,EMS,11008,58
复读机,电脑办公,中国,华北,天津,EMS,11012,398
床单四件套,家居厨具,中国,华北,天津,EMS,11012,1078
计时器,家居厨具,中国,华北,天津,EMS,11012,83
功放,手机数码,中国,华东,温州,EMS,11014,4474
MP3,手机数码,中国,西南,重庆,EMS,11019,441
一体机,电脑办公,中国,西南,重庆,EMS,11019,4799
单反数码相机套机,手机数码,中国,华北,天津,EMS,10482,17998
上网本,电脑办公,中国,华东,南京,EMS,10484,7438
单反数码相机套机,手机数码,中国,华东,南京,EMS,10484,17998
健身车,运动户外,中国,华东,南京,EMS,10484,1689
上网本,电脑办公,中国,华东,南京,EMS,11040,6198
榨汁机,家用电器,中国,华东,南京,EMS,11047,681
汽车清洁套装,汽车用品,中国,华东,南京,EMS,11047,1942
扫描仪,电脑办公,中国,华东,南京,EMS,11048,3738
旅行背包,服装箱包,中国,华北,天津,EMS,10337,2796
打印机,电脑办公,中国,华北,天津,EMS,10337,1918
CDMA3G手机,手机数码,中国,华北,天津,EMS,10337,9994
音乐手机,手机数码,中国,华北,天津,EMS,10337,2237
一次性纸杯,家居厨具,中国,华北,天津,EMS,10337,47
成功学,图书,中国,华北,石家庄,EMS,10338,78
卡片相机,手机数码,中国,华北,石家庄,EMS,10338,2750
迷你音响,手机数码,中国,西南,重庆,EMS,10340,798
功放,手机数码,中国,西南,重庆,EMS,10340,1758
电烤箱,家用电器,中国,西南,重庆,EMS,10340,398
不粘炒锅,家居厨具,中国,东北,长春,EMS,10341,358
电脑桌,家居厨具,中国,东北,长春,EMS,10341,849
成功学,图书,中国,华北,石家庄,EMS,10346,140
儿童套装,服装箱包,中国,华北,石家庄,EMS,10346,798
天文望远镜,电脑办公,中国,华北,张家口,EMS,10347,860
冰箱,家用电器,中国,华北,张家口,EMS,10347,14160
单反数码相机套机,手机数码,中国,华北,张家口,EMS,10347,12599
电磁炉,家用电器,中国,华北,张家口,EMS,10347,958
儿童套装,服装箱包,中国,华东,南京,EMS,10433,1117
健身车,运动户外,中国,华南,深圳,EMS,10860,1689
电饭煲,家用电器,中国,华南,深圳,EMS,10860,396
茶几,家居厨具,中国,华东,温州,EMS,10439,2248
投影仪,电脑办公,中国,华东,温州,EMS,10439,8577
毛呢外套女,服装箱包,中国,华东,温州,EMS,10439,1918
运动手表,运动户外,中国,华东,温州,EMS,10439,26607
液晶电视,家用电器,中国,华东,南京,EMS,10578,9998
运动鞋,服装箱包,中国,华东,南京,EMS,10578,1438
冲锋衣,运动户外,中国,东北,大连,EMS,10580,574
功放,手机数码,中国,东北,大连,EMS,10580,1518
汽车坐垫,汽车用品,中国,东北,大连,EMS,10580,149
打印机,电脑办公,中国,华北,天津,EMS,10677,3596
不粘炒锅,家居厨具,中国,华北,天津,EMS,10677,537
茶几,家居厨具,中国,华北,张家口,EMS,10678,8990
不粘炒锅,家居厨具,中国,华北,张家口,EMS,10678,597
功放,手机数码,中国,华北,张家口,EMS,10678,19176
软件工程,图书,中国,华北,张家口,EMS,10678,177
电脑桌,家居厨具,中国,华东,青岛,EMS,10679,656
复读机,电脑办公,中国,华东,温州,EMS,10681,477
上网本,电脑办公,中国,华东,温州,EMS,10681,6818
毛呢外套女,服装箱包,中国,华东,温州,EMS,10681,3357
打印机,电脑办公,中国,东北,长春,EMS,10458,2397
三人帐篷,运动户外,中国,东北,长春,EMS,10458,1494
电烤箱,家用电器,中国,东北,长春,EMS,10458,398
儿童套装,服装箱包,中国,东北,长春,EMS,10458,998
计时器,家居厨具,中国,东北,长春,EMS,10458,138
汽车坐垫,汽车用品,中国,华北,天津,EMS,10493,248
故障应急箱,汽车用品,中国,华北,天津,EMS,10493,1198
刀具7件套,家居厨具,中国,华北,天津,EMS,10493,478
旅行背包,服装箱包,中国,西南,昆明,EMS,10495,1398
功放,手机数码,中国,西南,昆明,EMS,10495,3196
汽车香水,汽车用品,中国,西南,昆明,EMS,10495,83
迷你音响,手机数码,中国,华南,海口,EMS,10516,1995
功放,手机数码,中国,华南,海口,EMS,10516,12784
男士钱包,服装箱包,中国,华南,海口,EMS,10516,798
健身服,服装箱包,中国,华东,南京,EMS,10517,3518
电脑桌,家居厨具,中国,华东,南京,EMS,10517,417
电压力锅,家用电器,中国,华东,南京,EMS,10517,382
微单数码相机,手机数码,中国,华北,天津,EMS,10519,5719
儿童套装,服装箱包,中国,华北,天津,EMS,10519,1596
床单四件套,家居厨具,中国,华北,天津,EMS,10519,599
成功学,图书,中国,华东,南京,EMS,10444,78
打印机,电脑办公,中国,华东,南京,EMS,10444,1998
液晶电视,家用电器,中国,华东,南京,EMS,10444,8998
功放,手机数码,中国,华东,南京,EMS,10444,4794
化妆大全,图书,中国,东北,长春,EMS,10451,1176
毛呢外套女,服装箱包,中国,东北,长春,EMS,10451,4197
汽车坐垫,汽车用品,中国,东北,长春,EMS,10451,277
汽车香水,汽车用品,中国,东北,长春,EMS,10451,303
迷你音响,手机数码,中国,华北,张家口,EMS,10588,6384
男士钱包,服装箱包,中国,华北,张家口,EMS,10588,7980
榨汁机,家用电器,中国,华北,天津,EMS,10590,218
汽车香水,汽车用品,中国,华北,天津,EMS,10590,165
空调,家用电器,中国,华北,天津,EMS,10597,16793
运动鞋,服装箱包,中国,华北,天津,EMS,10597,1798
汽车坐垫,汽车用品,中国,华北,天津,EMS,10597,436
打印复印一体机,电脑办公,中国,西南,重庆,EMS,10598,19995
计时器,家居厨具,中国,西南,重庆,EMS,10598,52
考勤机,电脑办公,中国,华东,南京,EMS,10599,700
上网本,电脑办公,中国,华东,温州,EMS,10619,13016
女士挎包,服装箱包,中国,华东,温州,EMS,10619,3996
空调,家用电器,中国,西南,成都,EMS,10620,10316
健身服,服装箱包,中国,西南,成都,EMS,10620,4838
电饼铛,家用电器,中国,华北,天津,EMS,10622,796
扫描仪,电脑办公,中国,华北,天津,EMS,10622,4984
考勤机,电脑办公,中国,华北,天津,EMS,10627,875
移动3G手机,手机数码,中国,华北,天津,EMS,10627,26234
榨汁机,家用电器,中国,西南,重庆,EMS,10628,273
英语教材,图书,中国,华北,天津,EMS,10629,198
毛呢外套女,服装箱包,中国,华北,天津,EMS,10629,2278
茶几,家居厨具,中国,华北,北京,EMS,10633,4855
三防手机,手机数码,中国,华北,北京,EMS,10633,17240
打印机,电脑办公,中国,华北,北京,EMS,10633,4195
考勤机,电脑办公,中国,华北,北京,EMS,10633,4200
多功能刀,运动户外,中国,华东,南京,EMS,10634,452
迷你音响,手机数码,中国,华东,南京,EMS,10634,3990
健身车,运动户外,中国,华东,南京,EMS,10634,3248
电磁炉,家用电器,中国,华东,南京,EMS,10634,479
汽车天线,汽车用品,中国,华东,南昌,EMS,10635,138
汽车清洁套装,汽车用品,中国,华东,南昌,EMS,10635,648
女士挎包,服装箱包,中国,华东,南昌,EMS,10635,3996
迷你音响,手机数码,中国,华北,北京,EMS,10639,1436
空调,家用电器,中国,华北,北京,EMS,10352,4798
软件工程,图书,中国,华北,北京,EMS,10352,177
储藏箱6件套,家居厨具,中国,华北,天津,EMS,10353,832
洗衣机,家用电器,中国,华北,天津,EMS,10353,10990
榨汁机,家用电器,中国,西南,重庆,EMS,10354,240
英语教材,图书,中国,西南,重庆,EMS,10354,139
微单数码相机,手机数码,中国,华东,温州,EMS,10357,26394
打印机,电脑办公,中国,华东,温州,EMS,10357,2077
床单四件套,家居厨具,中国,华东,温州,EMS,10357,2156
空调,家用电器,中国,华南,深圳,EMS,11051,9596
电压力锅,家用电器,中国,华东,南京,EMS,11057,311
上网本,电脑办公,中国,华东,青岛,EMS,11058,4029
床单四件套,家居厨具,中国,华东,青岛,EMS,11058,1258
车载MP3,汽车用品,中国,华东,青岛,EMS,11058,377
床单四件套,家居厨具,中国,华南,深圳,EMS,11061,1498
投影仪,电脑办公,中国,华东,南京,EMS,10359,9237
沙发,家居厨具,中国,华东,南京,EMS,10359,8358
床单四件套,家居厨具,中国,华东,南京,EMS,10359,2396
三人帐篷,运动户外,中国,华东,青岛,EMS,10360,1494
英语教材,图书,中国,华东,青岛,EMS,10360,347
洗衣机,家用电器,中国,华东,青岛,EMS,10360,2198
一体机,电脑办公,中国,华东,青岛,EMS,10360,13997
软件工程,图书,中国,华东,青岛,EMS,10360,165
沙发,家居厨具,中国,华北,天津,EMS,10363,4776
电磁炉,家用电器,中国,华北,天津,EMS,10363,878
电饭煲,家用电器,中国,华北,天津,EMS,10363,436
微波炉,家用电器,中国,华北,天津,EMS,10367,1796
软件工程,图书,中国,华北,天津,EMS,10367,165
汽车坐垫,汽车用品,中国,华北,天津,EMS,10367,248
汽车香水,汽车用品,中国,华北,天津,EMS,10367,94
长焦数码相机,手机数码,中国,东北,长春,EMS,10373,31984
计时器,家居厨具,中国,东北,长春,EMS,10373,275
沙发,家居厨具,中国,华北,天津,EMS,10374,7164
长焦数码相机,手机数码,中国,华北,天津,EMS,10374,4998
三人帐篷,运动户外,中国,华东,南京,EMS,10377,1494
冰箱,家用电器,中国,华东,南京,EMS,10377,5664
计时器,家居厨具,中国,华东,南昌,EMS,10378,88
卡片相机,手机数码,中国,东北,长春,EMS,10380,3080
健身的意义,图书,中国,东北,长春,EMS,10380,50
床单四件套,家居厨具,中国,东北,长春,EMS,10380,958
电压力锅,家用电器,中国,东北,长春,EMS,10380,717
运动手表,运动户外,中国,华东,温州,EMS,10381,21286
三防手机,手机数码,中国,东北,长春,EMS,10383,9994
电子辞典,电脑办公,中国,东北,长春,EMS,10383,998
儿童套装,服装箱包,中国,东北,长春,EMS,10383,798
平板电脑,电脑办公,中国,华南,厦门,EMS,10384,7277
床单四件套,家居厨具,中国,华南,厦门,EMS,10384,1498
投影仪,电脑办公,中国,华北,天津,EMS,10403,10392
笔记本电脑,电脑办公,中国,华北,天津,EMS,10403,62990
不粘炒锅,家居厨具,中国,华东,上海,EMS,10410,975
电脑桌,家居厨具,中国,华东,上海,EMS,10410,775
功放,手机数码,中国,华北,天津,EMS,10411,7990
GPS导航,汽车用品,中国,华北,天津,EMS,10411,7992
电脑桌,家居厨具,中国,华北,天津,EMS,10411,1132
复读机,电脑办公,中国,华南,厦门,EMS,10414,223
不粘炒锅,家居厨具,中国,华南,厦门,EMS,10414,995
复读机,电脑办公,中国,华北,天津,EMS,10416,318
健身的意义,图书,中国,华北,天津,EMS,10416,50
运动鞋,服装箱包,中国,华北,天津,EMS,10416,1798
洗衣机,家用电器,中国,西南,重庆,EMS,10417,5495
MP3,手机数码,中国,西南,重庆,EMS,10417,1017
扫描仪,电脑办公,中国,西南,重庆,EMS,10417,8010
汽车香水,汽车用品,中国,西南,重庆,EMS,10417,193
投影仪,电脑办公,中国,华北,天津,EMS,10554,4949
旅行背包,服装箱包,中国,华北,天津,EMS,10554,699
考勤机,电脑办公,中国,华北,天津,EMS,10554,350
汽车香水,汽车用品,中国,华北,天津,EMS,10554,55
冲锋衣,运动户外,中国,华东,济南,EMS,10555,2754
复读机,电脑办公,中国,华东,济南,EMS,10555,1113
空调,家用电器,中国,华东,济南,EMS,10555,13434
健身车,运动户外,中国,华东,济南,EMS,10555,5196
儿童套装,服装箱包,中国,华东,济南,EMS,10555,3192
成功学,图书,中国,西南,重庆,EMS,10564,51
沙发,家居厨具,中国,西南,重庆,EMS,10564,1910
化妆大全,图书,中国,西南,重庆,EMS,10564,123
微单数码相机,手机数码,中国,西南,重庆,EMS,10568,6599
储藏箱6件套,家居厨具,中国,华北,天津,EMS,10570,236
儿童套装,服装箱包,中国,华北,天津,EMS,10570,1197
冲锋衣,运动户外,中国,华北,天津,EMS,10571,1446
男士钱包,服装箱包,中国,华北,天津,EMS,10571,1676
空调,家用电器,中国,华东,温州,EMS,10386,5998
微波炉,家用电器,中国,华东,温州,EMS,10386,998
三防手机,手机数码,中国,华北,天津,EMS,10391,13992
刀具7件套,家居厨具,中国,华北,天津,EMS,10392,1195
电饼铛,家用电器,中国,华北,秦皇岛,EMS,10393,2488
冲锋衣,运动户外,中国,华北,秦皇岛,EMS,10393,4820
天文望远镜,电脑办公,中国,华北,秦皇岛,EMS,10393,1828
打印机,电脑办公,中国,华北,秦皇岛,EMS,10393,13982
沙发,家居厨具,中国,华北,秦皇岛,EMS,10393,7642
三防手机,手机数码,中国,华北,石家庄,EMS,10394,9994
考勤机,电脑办公,中国,华北,石家庄,EMS,10394,700
旅行背包,服装箱包,中国,华南,海口,EMS,10396,2796
计时器,家居厨具,中国,华南,海口,EMS,10396,165
一次性纸杯,家居厨具,中国,华南,海口,EMS,10396,40
液晶电视,家用电器,中国,西南,重庆,EMS,10398,14997
化妆大全,图书,中国,西南,重庆,EMS,10398,1176
扫描仪,电脑办公,中国,东北,长春,EMS,10399,5340
计时器,家居厨具,中国,东北,长春,EMS,10399,83
电饭煲,家用电器,中国,东北,长春,EMS,10399,693
汽车香水,汽车用品,中国,东北,长春,EMS,10399,132
英语教材,图书,中国,华东,南京,EMS,10400,208
液晶电视,家用电器,中国,华东,南京,EMS,10400,17497
一体机,电脑办公,中国,华东,南京,EMS,10400,11997
成功学,图书,中国,东北,长春,EMS,10573,109
微波炉,家用电器,中国,东北,长春,EMS,10573,1996
健身的意义,图书,中国,东北,长春,EMS,10573,63
榨汁机,家用电器,中国,华东,南昌,EMS,10576,218
沙发,家居厨具,中国,华东,南昌,EMS,10576,4776
GPS导航,汽车用品,中国,华东,南昌,EMS,10576,2098
软件工程,图书,中国,华北,天津,EMS,10501,118
电饼铛,家用电器,中国,西南,重庆,EMS,10504,876
上网本,电脑办公,中国,西南,重庆,EMS,10504,6818
健身的意义,图书,中国,西南,重庆,EMS,10504,50
车载MP3,汽车用品,中国,西南,重庆,EMS,10504,673
考勤机,电脑办公,中国,华东,济南,EMS,10505,455
加湿器,汽车用品,中国,华东,南京,EMS,10974,198
对讲机,汽车用品,中国,华南,深圳,EMS,10975,933
电磁炉,家用电器,中国,华南,深圳,EMS,10975,798
冰箱,家用电器,中国,华北,天津,EMS,10977,5664
台式机,电脑办公,中国,华北,天津,EMS,10977,13797
健身车,运动户外,中国,华北,天津,EMS,10977,2598
加湿器,汽车用品,中国,华北,天津,EMS,10977,198
投影仪,电脑办公,中国,华东,温州,EMS,10984,18145
空调,家用电器,中国,华东,温州,EMS,10984,4798
CDMA3G手机,手机数码,中国,华东,温州,EMS,10984,19988
投影仪,电脑办公,中国,华北,天津,宅急送,10985,11876
迷你音响,手机数码,中国,华北,天津,宅急送,10985,2234
衣架,家居厨具,中国,华北,天津,宅急送,10985,627
打印机,电脑办公,中国,华东,南京,宅急送,11024,1758
不粘炒锅,家居厨具,中国,华东,南京,宅急送,11024,597
汽车坐垫,汽车用品,中国,华东,南京,宅急送,11024,208
计时器,家居厨具,中国,华东,南京,宅急送,11024,138
迷你音响,手机数码,中国,华南,深圳,宅急送,11026,1436
健身车,运动户外,中国,华南,深圳,宅急送,11026,2598
空调,家用电器,中国,华东,青岛,宅急送,11027,17992
考勤机,电脑办公,中国,华东,青岛,宅急送,11027,1838
化妆大全,图书,中国,华北,张家口,宅急送,11028,343
电脑桌,家居厨具,中国,华北,张家口,宅急送,11028,715
儿童套装,服装箱包,中国,西南,重庆,宅急送,11029,798
加湿器,汽车用品,中国,西南,重庆,宅急送,11029,218
上网本,电脑办公,中国,华东,南京,宅急送,11034,7748
GPS导航,汽车用品,中国,华东,南京,宅急送,11034,2198
车载MP3,汽车用品,中国,华东,南京,宅急送,11034,430
电压力锅,家用电器,中国,华北,天津,宅急送,11037,335
单反操作指南,图书,中国,华北,天津,宅急送,10420,118
三防手机,手机数码,中国,华北,天津,宅急送,10420,5996
电压力锅,家用电器,中国,华北,天津,宅急送,10420,430
移动3G手机,手机数码,中国,华北,天津,宅急送,10420,9994
复读机,电脑办公,中国,华北,天津,宅急送,10421,334
打印机,电脑办公,中国,华北,天津,宅急送,10421,2397
健身的意义,图书,中国,华北,天津,宅急送,10421,94
汽车香水,汽车用品,中国,华北,天津,宅急送,10421,165
打印机,电脑办公,中国,华北,秦皇岛,宅急送,10422,1758
儿童套装,服装箱包,中国,华南,海口,宅急送,10426,599
毛呢外套女,服装箱包,中国,华南,海口,宅急送,10426,2038
MP3,手机数码,中国,东北,长春,宅急送,10428,678
天文望远镜,电脑办公,中国,华东,南京,宅急送,10850,1290
不粘炒锅,家居厨具,中国,华东,南京,宅急送,10850,418
电压力锅,家用电器,中国,华东,南京,宅急送,10850,1076
榨汁机,家用电器,中国,华东,南京,宅急送,10869,436
储藏箱6件套,家居厨具,中国,华东,南京,宅急送,10869,378
旅行背包,服装箱包,中国,华东,南京,宅急送,10869,3495
扫描仪,电脑办公,中国,华东,南京,宅急送,10869,1780
上网本,电脑办公,中国,华北,天津,宅急送,10873,6198
三人帐篷,运动户外,中国,华北,天津,宅急送,10873,647
投影仪,电脑办公,中国,华南,深圳,宅急送,10877,24742
迷你音响,手机数码,中国,华南,深圳,宅急送,10877,1995
平板电脑,电脑办公,中国,华南,厦门,宅急送,10878,2599
旅行背包,服装箱包,中国,东北,大连,宅急送,10880,4194
车载MP3,汽车用品,中国,东北,大连,宅急送,10880,1614
电压力锅,家用电器,中国,东北,大连,宅急送,10880,2390
移动3G手机,手机数码,中国,西南,成都,宅急送,10881,9994
微单数码相机,手机数码,中国,华北,秦皇岛,宅急送,10886,30793
沙发,家居厨具,中国,华北,秦皇岛,宅急送,10886,8358
汽车香水,汽车用品,中国,华北,秦皇岛,宅急送,10886,220
成功学,图书,中国,华南,深圳,宅急送,10890,98
微波炉,家用电器,中国,华南,深圳,宅急送,10890,998
功放,手机数码,中国,华南,深圳,宅急送,10890,3835
三人帐篷,运动户外,中国,华东,上海,宅急送,10643,3112
冰箱,家用电器,中国,华东,上海,宅急送,10643,9912
MP3,手机数码,中国,华东,上海,宅急送,10643,1017
迷你音响,手机数码,中国,华南,厦门,宅急送,10645,1596
CDMA3G手机,手机数码,中国,华南,厦门,宅急送,10645,12493
三防手机,手机数码,中国,华北,石家庄,宅急送,10601,29982
电脑桌,家居厨具,中国,华北,石家庄,宅急送,10601,1043
笔记本电脑,电脑办公,中国,华东,南京,宅急送,10604,9598
电饭煲,家用电器,中国,华东,南京,宅急送,10604,396
多功能刀,运动户外,中国,华北,天津,宅急送,10607,581
成功学,图书,中国,华北,天津,宅急送,10607,390
不粘炒锅,家居厨具,中国,华北,天津,宅急送,10607,478
单反数码相机套机,手机数码,中国,华北,天津,宅急送,10607,37796
一次性纸杯,家居厨具,中国,华北,天津,宅急送,10607,136
CDMA3G手机,手机数码,中国,东北,大连,宅急送,10610,26234
投影仪,电脑办公,中国,华北,天津,宅急送,10653,9897
床单四件套,家居厨具,中国,华北,天津,宅急送,10653,1198
汽车天线,汽车用品,中国,华东,南京,宅急送,10654,152
冰箱,家用电器,中国,华东,南京,宅急送,10654,3776
软件工程,图书,中国,华东,南京,宅急送,10654,94
冲锋衣,运动户外,中国,华东,上海,宅急送,10656,597
GPS导航,汽车用品,中国,华东,上海,宅急送,10656,2797
台式机,电脑办公,中国,华东,上海,宅急送,10656,7358
上网本,电脑办公,中国,西南,重庆,宅急送,10658,18594
单反数码相机套机,手机数码,中国,西南,重庆,宅急送,10658,31497
床单四件套,家居厨具,中国,西南,重庆,宅急送,10658,1647
汽车香水,汽车用品,中国,西南,重庆,宅急送,10658,193
平板电脑,电脑办公,中国,华北,天津,宅急送,10660,5458
健身服,服装箱包,中国,华北,秦皇岛,宅急送,10683,4178
单反数码相机套机,手机数码,中国,西南,重庆,宅急送,10684,17998
台式机,电脑办公,中国,西南,重庆,宅急送,10684,18396
床单四件套,家居厨具,中国,西南,重庆,宅急送,10684,1797
成功学,图书,中国,华北,北京,宅急送,10686,234
打印机,电脑办公,中国,华北,北京,宅急送,10686,1998
三人帐篷,运动户外,中国,华北,秦皇岛,宅急送,10452,1245
GPS导航,汽车用品,中国,华北,秦皇岛,宅急送,10452,4995
刀具7件套,家居厨具,中国,华北,天津,宅急送,10667,2151
计时器,家居厨具,中国,华北,天津,宅急送,10667,132
扫描仪,电脑办公,中国,东北,大连,宅急送,10460,4672
电磁炉,家用电器,中国,东北,大连,宅急送,10460,1396
三防手机,手机数码,中国,华东,南京,宅急送,10462,13992
旅行背包,服装箱包,中国,华东,南京,宅急送,10462,1468
储藏箱6件套,家居厨具,中国,西南,昆明,宅急送,10466,378
MP3,手机数码,中国,西南,昆明,宅急送,10466,509
电饼铛,家用电器,中国,华东,温州,宅急送,10469,2388
投影仪,电脑办公,中国,华东,温州,宅急送,10469,17320
GPS导航,汽车用品,中国,华东,温州,宅急送,10469,1798
空调,家用电器,中国,华东,南京,宅急送,10472,9596
健身车,运动户外,中国,华东,南京,宅急送,10472,3637
沙发,家居厨具,中国,华东,上海,宅急送,10475,12537
故障应急箱,汽车用品,中国,华东,上海,宅急送,10475,5391
电饭煲,家用电器,中国,华东,上海,宅急送,10475,1247
储藏箱6件套,家居厨具,中国,华北,天津,顺丰快递,10986,567
平板电脑,电脑办公,中国,华北,天津,顺丰快递,10986,6498
电饭煲,家用电器,中国,华北,天津,顺丰快递,10986,396
汽车香水,汽车用品,中国,华北,天津,顺丰快递,10986,138
复读机,电脑办公,中国,华南,厦门,顺丰快递,11022,557
刀具7件套,家居厨具,中国,华南,厦门,顺丰快递,11022,717
多功能刀,运动户外,中国,华东,南京,顺丰快递,11023,181
电烤箱,家用电器,中国,华东,南京,顺丰快递,11023,597
电饼铛,家用电器,中国,东北,大连,顺丰快递,11030,9950
汽车清洁套装,汽车用品,中国,东北,大连,顺丰快递,11030,1813
英语教材,图书,中国,东北,大连,顺丰快递,11030,1485
电脑桌,家居厨具,中国,东北,大连,顺丰快递,11030,7450
榨汁机,家用电器,中国,华北,秦皇岛,顺丰快递,11031,491
三防手机,手机数码,中国,华北,秦皇岛,顺丰快递,11031,39976
空调,家用电器,中国,华北,秦皇岛,顺丰快递,11031,5038
毛呢外套女,服装箱包,中国,华北,秦皇岛,顺丰快递,11031,2398
计时器,家居厨具,中国,华北,秦皇岛,顺丰快递,11031,72
榨汁机,家用电器,中国,华北,张家口,顺丰快递,11035,218
液晶电视,家用电器,中国,华北,张家口,顺丰快递,11035,29994
男士钱包,服装箱包,中国,华北,张家口,顺丰快递,11035,1197
软件工程,图书,中国,华北,张家口,顺丰快递,11035,118
单反数码相机套机,手机数码,中国,华东,常州,顺丰快递,11038,26997
健身服,服装箱包,中国,华东,常州,顺丰快递,11038,2639
计时器,家居厨具,中国,华东,常州,顺丰快递,11038,83
三人帐篷,运动户外,中国,华北,张家口,顺丰快递,11039,996
液晶电视,家用电器,中国,华北,张家口,顺丰快递,11039,11998
一体机,电脑办公,中国,华北,张家口,顺丰快递,11039,23994
运动鞋,服装箱包,中国,华北,张家口,顺丰快递,11039,2517
液晶电视,家用电器,中国,华北,天津,顺丰快递,10424,59988
洗衣机,家用电器,中国,华北,天津,顺丰快递,10424,10770
扫描仪,电脑办公,中国,华北,天津,顺丰快递,10424,5340
化妆大全,图书,中国,西南,重庆,顺丰快递,10425,490
电饭煲,家用电器,中国,西南,重庆,顺丰快递,10425,990
冲锋衣,运动户外,中国,华北,天津,顺丰快递,10427,1607
打印机,电脑办公,中国,华南,深圳,顺丰快递,10868,1598
液晶电视,家用电器,中国,华南,深圳,顺丰快递,10868,14997
一体机,电脑办公,中国,华南,深圳,顺丰快递,10868,16796
空气净化器,汽车用品,中国,华南,深圳,顺丰快递,10871,148
投影仪,电脑办公,中国,华南,深圳,顺丰快递,10871,3629
成功学,图书,中国,华南,深圳,顺丰快递,10871,51
化妆大全,图书,中国,华东,上海,顺丰快递,10872,98
考勤机,电脑办公,中国,华东,上海,顺丰快递,10872,350
毛呢外套女,服装箱包,中国,华东,上海,顺丰快递,10872,1499
汽车坐垫,汽车用品,中国,华东,上海,顺丰快递,10872,203
微单数码相机,手机数码,中国,华北,天津,顺丰快递,10874,8798
复读机,电脑办公,中国,华东,南京,顺丰快递,10875,398
台式机,电脑办公,中国,华东,南京,顺丰快递,10875,9658
一体机,电脑办公,中国,华东,南京,顺丰快递,10875,9998
上网本,电脑办公,中国,华北,石家庄,顺丰快递,10884,6198
儿童套装,服装箱包,中国,华北,石家庄,顺丰快递,10884,419
汽车坐垫,汽车用品,中国,华北,石家庄,顺丰快递,10884,109
电饼铛,家用电器,中国,华北,天津,顺丰快递,10888,796
扫描仪,电脑办公,中国,华北,天津,顺丰快递,10888,2492
迷你音响,手机数码,中国,华北,天津,顺丰快递,10644,1117
电烤箱,家用电器,中国,华北,天津,顺丰快递,10644,398
MP3,手机数码,中国,华北,天津,顺丰快递,10644,712
复读机,电脑办公,中国,华东,常州,顺丰快递,10647,477
冰箱,家用电器,中国,华东,常州,顺丰快递,10647,3776
女士挎包,服装箱包,中国,华北,张家口,顺丰快递,10648,2498
空调,家用电器,中国,华北,张家口,顺丰快递,10648,8996
复读机,电脑办公,中国,华北,北京,顺丰快递,10651,874
女士挎包,服装箱包,中国,华北,北京,顺丰快递,10651,4995
汽车香水,汽车用品,中国,东北,长春,顺丰快递,10602,206
女士挎包,服装箱包,中国,华北,天津,顺丰快递,10603,4795
一体机,电脑办公,中国,华北,天津,顺丰快递,10603,4999
投影仪,电脑办公,中国,华东,南昌,顺丰快递,10605,4949
电脑桌,家居厨具,中国,华东,南昌,顺丰快递,10605,298
床单四件套,家居厨具,中国,华东,南昌,顺丰快递,10605,2097
计时器,家居厨具,中国,华东,南昌,顺丰快递,10605,34
儿童套装,服装箱包,中国,华北,天津,顺丰快递,10608,1117
榨汁机,家用电器,中国,华北,天津,顺丰快递,10609,142
微单数码相机,手机数码,中国,华北,天津,顺丰快递,10609,8798
上网本,电脑办公,中国,华北,天津,顺丰快递,10609,4958
榨汁机,家用电器,中国,西南,昆明,顺丰快递,10611,174
电饼铛,家用电器,中国,西南,昆明,顺丰快递,10611,796
床单四件套,家居厨具,中国,西南,昆明,顺丰快递,10611,1498
微单数码相机,手机数码,中国,华北,天津,顺丰快递,10612,30793
CDMA3G手机,手机数码,中国,华北,天津,顺丰快递,10612,27484
一体机,电脑办公,中国,华北,天津,顺丰快递,10612,11197
床单四件套,家居厨具,中国,华北,天津,顺丰快递,10612,2396
电饭煲,家用电器,中国,华北,天津,顺丰快递,10612,1584
三防手机,手机数码,中国,华东,上海,顺丰快递,10613,8995
电磁炉,家用电器,中国,华东,上海,顺丰快递,10613,1596
洗衣机,家用电器,中国,华南,厦门,顺丰快递,10616,1374
儿童套装,服装箱包,中国,华南,厦门,顺丰快递,10616,958
电压力锅,家用电器,中国,华南,厦门,顺丰快递,10616,299
计时器,家居厨具,中国,华南,厦门,顺丰快递,10616,34
电脑桌,家居厨具,中国,华北,天津,顺丰快递,10617,1341
卡片相机,手机数码,中国,华北,天津,顺丰快递,10652,3300
男士钱包,服装箱包,中国,华北,天津,顺丰快递,10652,798
功放,手机数码,中国,华北,秦皇岛,顺丰快递,10655,6392
防盗锁,汽车用品,中国,华东,上海,顺丰快递,10657,995
功放,手机数码,中国,华东,上海,顺丰快递,10657,3835
MP3,手机数码,中国,华东,上海,顺丰快递,10657,1526
台式机,电脑办公,中国,华东,上海,顺丰快递,10657,9198
儿童套装,服装箱包,中国,华东,上海,顺丰快递,10657,1796
床单四件套,家居厨具,中国,华东,上海,顺丰快递,10657,1797
沙发,家居厨具,中国,华北,石家庄,顺丰快递,10659,2388
单反数码相机套机,手机数码,中国,华北,石家庄,顺丰快递,10659,10799
电压力锅,家用电器,中国,华北,石家庄,顺丰快递,10659,478
扫描仪,电脑办公,中国,华北,天津,顺丰快递,10662,1780
单反数码相机套机,手机数码,中国,华东,南昌,顺丰快递,10663,13499
男士钱包,服装箱包,中国,华东,南昌,顺丰快递,10663,599
健身车,运动户外,中国,华东,南昌,顺丰快递,10663,1299
不粘炒锅,家居厨具,中国,华北,天津,顺丰快递,10682,597
故障应急箱,汽车用品,中国,华北,天津,顺丰快递,10682,839
电磁炉,家用电器,中国,华北,天津,顺丰快递,10682,1197
微单数码相机,手机数码,中国,华东,济南,顺丰快递,10685,8798
功放,手机数码,中国,华东,济南,顺丰快递,10685,2237
台式机,电脑办公,中国,华东,济南,顺丰快递,10685,11498
单反操作指南,图书,中国,华北,北京,顺丰快递,10687,738
英语教材,图书,中国,华北,北京,顺丰快递,10687,198
CDMA3G手机,手机数码,中国,华北,北京,顺丰快递,10687,19988
微单数码相机,手机数码,中国,西南,重庆,顺丰快递,10688,12317
三人帐篷,运动户外,中国,西南,重庆,顺丰快递,10688,2988
微波炉,家用电器,中国,西南,重庆,顺丰快递,10688,1198
榨汁机,家用电器,中国,华东,南京,顺丰快递,10689,954
冰箱,家用电器,中国,华北,天津,顺丰快递,10455,3776
健身的意义,图书,中国,华北,天津,顺丰快递,10455,125
车载MP3,汽车用品,中国,华北,天津,顺丰快递,10455,673
计时器,家居厨具,中国,华北,天津,顺丰快递,10455,83
健身车,运动户外,中国,华北,天津,顺丰快递,10665,2598
电脑桌,家居厨具,中国,华北,天津,顺丰快递,10665,328
电饭煲,家用电器,中国,华北,天津,顺丰快递,10665,396
英语教材,图书,中国,华南,海口,顺丰快递,10666,356
汽车坐垫,汽车用品,中国,华南,海口,顺丰快递,10666,198
多功能刀,运动户外,中国,华东,南京,顺丰快递,10459,168
MP3,手机数码,中国,华东,南京,顺丰快递,10459,339
一次性纸杯,家居厨具,中国,华东,南京,顺丰快递,10459,76
汽车天线,汽车用品,中国,华东,南京,顺丰快递,10464,359
电烤箱,家用电器,中国,华东,南京,顺丰快递,10464,259
儿童套装,服装箱包,中国,华东,南京,顺丰快递,10464,2394
床单四件套,家居厨具,中国,华东,南京,顺丰快递,10464,1198
空调,家用电器,中国,华北,张家口,顺丰快递,10467,6717
天文望远镜,电脑办公,中国,华北,张家口,顺丰快递,10467,946
迷你音响,手机数码,中国,华北,天津,顺丰快递,10470,2394
旅行背包,服装箱包,中国,华北,天津,顺丰快递,10470,1748
毛呢外套女,服装箱包,中国,华北,天津,顺丰快递,10470,2158
冲锋衣,运动户外,中国,华东,常州,顺丰快递,10474,1010
三人帐篷,运动户外,中国,华东,常州,顺丰快递,10474,1394
单反数码相机套机,手机数码,中国,华东,常州,顺丰快递,10474,18898
电磁炉,家用电器,中国,华东,常州,顺丰快递,10474,798
榨汁机,家用电器,中国,华东,南京,顺丰快递,10477,273
上网本,电脑办公,中国,华东,南京,顺丰快递,10477,16270
冰箱,家用电器,中国,华东,南京,顺丰快递,10477,4154
台式机,电脑办公,中国,华东,南京,顺丰快递,10480,13797
电脑桌,家居厨具,中国,华东,南京,顺丰快递,10480,656
一体机,电脑办公,中国,华北,秦皇岛,顺丰快递,10481,9598
床单四件套,家居厨具,中国,华北,秦皇岛,顺丰快递,10481,2396
榨汁机,家用电器,中国,华北,天津,EMS,11025,218
三防手机,手机数码,中国,华北,天津,EMS,11025,9994
CDMA3G手机,手机数码,中国,华北,天津,EMS,11032,17490
洗衣机,家用电器,中国,华北,天津,EMS,11032,2748
电脑桌,家居厨具,中国,华北,天津,EMS,11032,894
健身的意义,图书,中国,华东,南京,EMS,11033,175
刀具7件套,家居厨具,中国,华东,南京,EMS,11033,860
三防手机,手机数码,中国,华北,石家庄,EMS,11036,8495
电脑桌,家居厨具,中国,华北,石家庄,EMS,11036,894
沙发,家居厨具,中国,东北,长春,EMS,10423,5731
电脑桌,家居厨具,中国,东北,长春,EMS,10423,596
液晶电视,家用电器,中国,华北,天津,EMS,10870,6499
健身车,运动户外,中国,华北,天津,EMS,10870,1559
MP3,手机数码,中国,华南,海口,EMS,10876,712
毛呢外套女,服装箱包,中国,华南,海口,EMS,10876,2398
单反数码相机套机,手机数码,中国,华东,常州,EMS,10879,19798
汽车坐垫,汽车用品,中国,华东,常州,EMS,10879,198
电饭煲,家用电器,中国,华东,常州,EMS,10879,396
男士钱包,服装箱包,中国,华东,青岛,EMS,10882,998
一体机,电脑办公,中国,华东,青岛,EMS,10882,11997
软件工程,图书,中国,华东,青岛,EMS,10882,283
空调,家用电器,中国,华北,天津,EMS,10883,4318
电饼铛,家用电器,中国,华东,常州,EMS,10885,796
空调,家用电器,中国,华东,常州,EMS,10885,5278
电压力锅,家用电器,中国,华东,常州,EMS,10885,717
汽车香水,汽车用品,中国,华东,常州,EMS,10885,138
天文望远镜,电脑办公,中国,华北,天津,EMS,10887,645
储藏箱6件套,家居厨具,中国,华南,深圳,EMS,10889,756
洗衣机,家用电器,中国,华南,深圳,EMS,10889,4396
上网本,电脑办公,中国,华东,上海,EMS,10642,18594
车载MP3,汽车用品,中国,华东,上海,EMS,10642,1076
榨汁机,家用电器,中国,华北,石家庄,EMS,10646,681
微单数码相机,手机数码,中国,华北,石家庄,EMS,10646,30793
计时器,家居厨具,中国,华北,石家庄,EMS,10646,206
汽车香水,汽车用品,中国,华北,石家庄,EMS,10646,481
三人帐篷,运动户外,中国,西南,成都,EMS,10649,996
一次性纸杯,家居厨具,中国,西南,成都,EMS,10649,236
卡片相机,手机数码,中国,华东,青岛,EMS,10650,3300
健身的意义,图书,中国,华东,青岛,EMS,10650,31
软件工程,图书,中国,华东,青岛,EMS,10650,177
汽车天线,汽车用品,中国,华南,海口,EMS,10606,276
化妆大全,图书,中国,华南,海口,EMS,10606,392
考勤机,电脑办公,中国,华南,海口,EMS,10606,1400
储藏箱6件套,家居厨具,中国,华北,天津,EMS,10614,454
上网本,电脑办公,中国,华北,天津,EMS,10614,5578
冰箱,家用电器,中国,华北,天津,EMS,10614,2832
化妆大全,图书,中国,华北,天津,EMS,10615,147
冰箱,家用电器,中国,东北,大连,EMS,10661,4909
长焦数码相机,手机数码,中国,东北,大连,EMS,10661,19590
投影仪,电脑办公,中国,华北,天津,EMS,10454,13196
不粘炒锅,家居厨具,中国,华北,天津,EMS,10454,796
MP3,手机数码,中国,华北,天津,EMS,10454,1356
微单数码相机,手机数码,中国,华东,南京,EMS,10664,15836
儿童套装,服装箱包,中国,华东,南京,EMS,10664,1317
汽车坐垫,汽车用品,中国,华东,南京,EMS,10664,371
上网本,电脑办公,中国,华东,南昌,EMS,10461,30990
卡片相机,手机数码,中国,华东,南昌,EMS,10461,7700
化妆大全,图书,中国,华东,南昌,EMS,10461,1470
复读机,电脑办公,中国,东北,长春,EMS,10463,334
男士钱包,服装箱包,中国,东北,长春,EMS,10463,1995
空调,家用电器,中国,华东,常州,EMS,10465,5998
英语教材,图书,中国,华东,常州,EMS,10465,277
单反数码相机套机,手机数码,中国,华东,常州,EMS,10465,17998
MP4,手机数码,中国,华东,常州,EMS,10465,2697
电子辞典,电脑办公,中国,华东,常州,EMS,10465,998
卡片相机,手机数码,中国,华北,张家口,EMS,10468,1980
电烤箱,家用电器,中国,华北,张家口,EMS,10468,498
多功能刀,运动户外,中国,华东,南京,EMS,10471,387
儿童套装,服装箱包,中国,华东,南京,EMS,10471,798
不粘炒锅,家居厨具,中国,华南,厦门,EMS,10473,438
计时器,家居厨具,中国,华南,厦门,EMS,10473,61
化妆大全,图书,中国,华东,青岛,EMS,10476,59
电压力锅,家用电器,中国,华东,青岛,EMS,10476,526
微单数码相机,手机数码,中国,华东,南京,EMS,10478,4399
洗衣机,家用电器,中国,华北,天津,EMS,10479,3297
健身的意义,图书,中国,华北,天津,EMS,10479,70
电脑桌,家居厨具,中国,华北,天津,EMS,10479,1788
毛呢外套女,服装箱包,中国,华北,天津,EMS,10479,3597
